Workbook

Sheet Техника new
A1: № п/п | B1: Тип оборудования, марка, бортовой (хоз.) номер | E1: Простои, час
C2: Выполненная работа за сутки | D2: Отработано за сутки, м/ч | E2: В простое тех.исправных, м/ч | F2: Планируемые | G2: Не планируемые
G3: Всего простои | H3: Дата начала простоя | I3: Дата окончания простоя | J3: Причина простоя
F4: ППР, ТО
A6: 1 | B6: Экскаваторы, всего | C6: =SUM(C7:C9) -> 0 | D6: =SUM(D7:D9) -> 0 | E6: =SUM(E7:E9) -> 0 | F6: =SUM(F7:F9) -> 0 | G6: =SUM(G7:G9) -> 0
B7: =Техника!A7 -> HITACHI ZX-470 № 24 (Обр) | C7: =Техника!F7 -> 0 | D7: =Техника!W7 -> 0 | E7: =Техника!Z7+Техника!AR7+Техника!AU7+Техника!AV7+Техника!Y7+Техника!X7-Техника!AO7-Техника!AP7 -> 0 | F7: =Техника!AA7+Техника!AB7 -> 0 | G7: =Техника!AL7+Техника!AO7+Техника!AP7 -> 0 | K7: =G7+F7+E7+D7 -> 0 | L7: 150
B8: =Техника!A8 -> HITACHI EX-1200 № 25 (Обр) | C8: =Техника!F8 -> 0 | D8: =Техника!W8 -> 0 | E8: =Техника!Z8+Техника!AR8+Техника!AU8+Техника!AV8+Техника!Y8+Техника!X8-Техника!AO8-Техника!AP8 -> 0 | F8: =Техника!AA8+Техника!AB8 -> 0 | G8: =Техника!AL8+Техника!AO8+Техника!AP8 -> 0 | K8: =G8+F8+E8+D8 -> 0
B9: =Техника!A9 -> ЭШ 6/45 №17 | C9: =Техника!F9 -> 0 | D9: =Техника!W9 -> 0 | E9: =Техника!Z9+Техника!AR9+Техника!AU9+Техника!AV9+Техника!Y9+Техника!X9-Техника!AO9-Техника!AP9 -> 0 | F9: =Техника!AA9+Техника!AB9 -> 0 | G9: =Техника!AL9+Техника!AO9+Техника!AP9 -> 0 | K9: =G9+F9+E9+D9 -> 0 | L9: 45
B10: Автосамосвалы, всего | C10: =SUM(C11:C13) -> 0 | D10: =SUM(D11:D13) -> 0 | E10: =SUM(E11:E13) -> 0 | F10: =SUM(F11:F13) -> 0 | G10: =SUM(G11:G13) -> 0 | K10: =G10+F10+E10+D10 -> 0
B11: =Техника!A10 -> БелАЗ-754701 №30 | C11: =Техника!F10 -> 0 | D11: =Техника!W10 -> 0 | E11: =Техника!Z10+Техника!AR10+Техника!AU10+Техника!AV10+Техника!Y10+Техника!X10-Техника!AO10-Техника!AP10 -> 0 | F11: =Техника!AA10+Техника!AB10 -> 0 | G11: =Техника!AL10+Техника!AO10+Техника!AP10 -> 0 | K11: =G11+F11+E11+D11 -> 0 | L11: 26
B12: =Техника!A11 -> БелАЗ-754701 №32 | C12: =Техника!F11 -> 0 | D12: =Техника!W11 -> 0 | E12: =Техника!Z11+Техника!AR11+Техника!AU11+Техника!AV11+Техника!Y11+Техника!X11-Техника!AO11-Техника!AP11 -> 0 | F12: =Техника!AA11+Техника!AB11 -> 0 | G12: =Техника!AL11+Техника!AO11+Техника!AP11 -> 0 | K12: =G12+F12+E12+D12 -> 0 | L12: 28
B13: =Техника!A12 -> БелАЗ-754701 №35 | C13: =Техника!F12 -> 0 | D13: =Техника!W12 -> 0 | E13: =Техника!Z12+Техника!AR12+Техника!AU12+Техника!AV12+Техника!Y12+Техника!X12-Техника!AO12-Техника!AP12 -> 0 | F13: =Техника!AA12+Техника!AB12 -> 0 | G13: =Техника!AL12+Техника!AO12+Техника!AP12 -> 0 | K13: =G13+F13+E13+D13 -> 0 | L13: 31
B14: Бульдозеры, всего | C14: =SUM(C15:C16) -> 0 | D14: =SUM(D15:D16) -> 0 | E14: =SUM(E15:E16) -> 0 | F14: =SUM(F15:F16) -> 0 | G14: =SUM(G15:G16) -> 0 | K14: =G14+F14+E14+D14 -> 0
B15: =Техника!A15 -> Caterpillar D-9R №36 | C15: =Техника!F15 -> 0 | D15: =Техника!W15 -> 0 | E15: =Техника!Z15+Техника!AR15+Техника!AU15+Техника!AV15+Техника!Y15+Техника!X15-Техника!AO15-Техника!AP15 -> 0 | F15: =Техника!AA15+Техника!AB15 -> 0 | G15: =Техника!AL15+Техника!AO15+Техника!AP15 -> 0 | K15: =G15+F15+E15+D15 -> 0 | L15: 10
B16: =Техника!A16 -> Caterpillar D-6R №28 | C16: =Техника!F16 -> 0 | D16: =Техника!W16 -> 0 | E16: =Техника!Z16+Техника!AR16+Техника!AU16+Техника!AV16+Техника!Y16+Техника!X16-Техника!AO16-Техника!AP16 -> 0 | F16: =Техника!AA16+Техника!AB16 -> 0 | G16: =Техника!AL16+Техника!AO16+Техника!AP16 -> 0 | K16: =G16+F16+E16+D16 -> 0 | L16: 9
B17: Автогрейдер, всего | C17: =SUM(C18:C18) -> 0 | D17: =SUM(D18:D18) -> 0 | E17: =SUM(E18:E18) -> 0 | F17: =SUM(F18:F18) -> 0 | G17: =SUM(G18:G18) -> 0 | K17: =G17+F17+E17+D17 -> 0
B18: =Техника!A18 -> Caterpillar 140М №4 | C18: =Техника!F18 -> 0 | D18: =Техника!W18 -> 0 | E18: =Техника!Z18+Техника!AR18+Техника!AU18+Техника!AV18+Техника!Y18+Техника!X18-Техника!AO18-Техника!AP18 -> 0 | F18: =Техника!AA18+Техника!AB18 -> 0 | G18: =Техника!AL18+Техника!AO18+Техника!AP18 -> 0 | K18: =G18+F18+E18+D18 -> 0 | L18: 4
B19: =Техника!A19 -> Komatsu-825 №5 | C19: =Техника!F19 -> 0 | D19: =Техника!W19 -> 0 | E19: =Техника!Z19+Техника!AR19+Техника!AU19+Техника!AV19+Техника!Y19+Техника!X19-Техника!AO19-Техника!AP19 -> 0 | F19: =Техника!AA19+Техника!AB19 -> 0 | G19: =Техника!AL19+Техника!AO19+Техника!AP19 -> 0 | K19: =G19+F19+E19+D19 -> 0
B20: Фронтальные погрузчики, всего | C20: =SUM(C21:C24) -> 0 | D20: =SUM(D21:D24) -> 0 | E20: =SUM(E21:E24) -> 0 | F20: =SUM(F21:F24) -> 0 | G20: =SUM(G21:G24) -> 0 | K20: =G20+F20+E20+D20 -> 0
B21: =Техника!A21 -> CAT-962H №15 | C21: =Техника!F21 -> 0 | D21: =Техника!W21 -> 0 | E21: =Техника!Z21+Техника!AR21+Техника!AU21+Техника!AV21+Техника!Y21+Техника!X21-Техника!AO21-Техника!AP21 -> 0 | F21: =Техника!AA21+Техника!AB21 -> 0 | G21: =Техника!AL21+Техника!AO21+Техника!AP21 -> 0 | K21: =G21+F21+E21+D21 -> 0 | L21: 58
B22: =Техника!A22 -> Shantui SL60W №26 | C22: =Техника!F22 -> 0 | D22: =Техника!W22 -> 0 | E22: =Техника!Z22+Техника!AR22+Техника!AU22+Техника!AV22+Техника!Y22+Техника!X22-Техника!AO22-Техника!AP22 -> 0 | F22: =Техника!AA22+Техника!AB22 -> 0 | G22: =Техника!AL22+Техника!AO22+Техника!AP22 -> 0 | K22: =G22+F22+E22+D22 -> 0 | L22: 283
B23: =Техника!A23 -> CAT-962H №24 | C23: =Техника!F23 -> 0 | D23: =Техника!W23 -> 0 | E23: =Техника!Z23+Техника!AR23+Техника!AU23+Техника!AV23+Техника!Y23+Техника!X23-Техника!AO23-Техника!AP23 -> 0 | F23: =Техника!AA23+Техника!AB23 -> 0 | G23: =Техника!AL23+Техника!AO23+Техника!AP23 -> 0 | K23: =G23+F23+E23+D23 -> 0 | L23: 280
B24: =Техника!A24 -> CAT-988Н №16 | C24: =Техника!F24 -> 0 | D24: =Техника!W24 -> 0 | E24: =Техника!Z24+Техника!AR24+Техника!AU24+Техника!AV24+Техника!Y24+Техника!X24-Техника!AO24-Техника!AP24 -> 0 | F24: =Техника!AA24+Техника!AB24 -> 0 | G24: =Техника!AL24+Техника!AO24+Техника!AP24 -> 0 | K24: =G24+F24+E24+D24 -> 0 | L24: 43
B25: =Техника!A25 -> Shantui SL60W №30 | C25: =Техника!F25 -> 0 | D25: =Техника!W25 -> 0 | E25: =Техника!Z25+Техника!AR25+Техника!AU25+Техника!AV25+Техника!Y25+Техника!X25-Техника!AO25-Техника!AP25 -> 0 | F25: =Техника!AA25+Техника!AB25 -> 0 | G25: =Техника!AL25+Техника!AO25+Техника!AP25 -> 0 | K25: =G25+F25+E25+D25 -> 0 | L25: 284
B26: =Техника!A26 -> CAT-988Н №31 | C26: =Техника!F26 -> 0 | D26: =Техника!W26 -> 0 | E26: =Техника!Z26+Техника!AR26+Техника!AU26+Техника!AV26+Техника!Y26+Техника!X26-Техника!AO26-Техника!AP26 -> 0 | F26: =Техника!AA26+Техника!AB26 -> 0 | G26: =Техника!AL26+Техника!AO26+Техника!AP26 -> 0 | K26: =G26+F26+E26+D26 -> 0
B27: =Техника!A27 -> Shantui L58K-B5 №32 | C27: =Техника!F27 -> 0 | D27: =Техника!W27 -> 0 | E27: =Техника!Z27+Техника!AR27+Техника!AU27+Техника!AV27+Техника!Y27+Техника!X27-Техника!AO27-Техника!AP27 -> 0 | F27: =Техника!AA27+Техника!AB27 -> 0 | G27: =Техника!AL27+Техника!AO27+Техника!AP27 -> 0 | K27: =G27+F27+E27+D27 -> 0

Sheet Техника
A1: Тип оборудования, марка, бортовой (хоз.) номер | B1: Количество, ед | C1: Кол-во рейсов | D1: Дальность возки, км | E1: Ед. изм работы | F1: Выполненная работа за сутки | G1: Инженерные работы | H1: Погрузка горной массы | I1: Отработано за сутки, м/ч | J1: Время работы двигателя (ВИСТ) | K1: Расход ДТ (ВИСТ), л | L1: Норма расхода ДТ, л (факт) | M1: Норма расхода ДТ, л (план) | N1: Отклонение нормы факт от плана | O1: Пробег, км | P1: Технологические перерывы | W1: ИТОГО на линии | X1: Простои, час. | AX1: ИТОГО ПРОСТОИ | AY1: Всего (д.б.24ч)
P2: Взрывные работы | Q2: Заправка | R2: Перегоны | S2: Отсутствие погрузки | T2: Планировка подъездов, подготовка забоев | U2: Чистка | V2: Итого технологические перерывы | X2: Планируемые | AC2: Итого планируемые простои | AD2: Не планируемые | AW2: Итого не планируемые простои
X3: Приём - передачи смены, ежесменное обслуживание | Y3: Обед | Z3: Резерв, без бригады | AA3: ППР | AB3: ТО | AD3: Аварийный ремонт | AL3: Итого аварийный ремонт | AM3: Отсутствие | AR3: Итого отсутствие | AS3: Условия | AU3: Итого условия | AV3: Прочие
AD4: ДВС | AE4: Трансмиссия | AF4: Ходовая часть | AG4: Навесное оборудование | AH4: Электрич. часть | AI4: Гидравлич. часть | AJ4: Автошины | AK4: Прочие | AM4: Отсутствие транспорта | AN4: Отсутствие фронта работ | AO4: Отсутствие запчастей | AP4: Отсутствие рем. Персонала | AQ4: Отсутствие эл.энергии, ГСМ | AS4: Климатические | AT4: Дорожные
A5: 1 | B5: 2 | C5: 3 | D5: 4 | E5: 5 | F5: 6 | G5: 7 | H5: 8 | I5: 9 | J5: 10 | K5: 11 | L5: 12 | M5: 13 | N5: 14 | O5: 15 | P5: 16 | Q5: 17 | R5: 18 | S5: 19 | T5: 20 | U5: 21 | V5: 22 | W5: 23 | X5: 24 | Y5: 25 | Z5: 26 | AA5: 27 | AB5: 28 | AC5: 29 | AD5: 30 | AE5: 31 | AF5: 32 | AG5: 33 | AH5: 34 | AI5: 35 | AJ5: 36 | AK5: 37 | AL5: 38 | AM5: 39 | AN5: 40 | AO5: 41 | AP5: 42 | AQ5: 43 | AR5: 44 | AS5: 45 | AT5: 46 | AU5: 47 | AV5: 48 | AW5: 49 | AX5: 50 | AY5: 51
A6: Экскаваторы всего | B6: =SUM(B7:B9) -> 0 | E6: м3 | F6: =SUM(F7:F9) -> 0 | G6: =SUM(G7:G9) -> 0 | H6: =SUM(H7:H9) -> 0 | I6: =SUM(I7:I9) -> 0 | J6: =SUM(J7:J9) -> 0 | K6: =SUM(K7:K9) -> 0 | O6: =SUM(O7:O9) -> 0 | P6: =SUM(P7:P9) -> 0 | Q6: =SUM(Q7:Q9) -> 0 | R6: =SUM(R7:R9) -> 0 | T6: =SUM(T7:T9) -> 0 | U6: =SUM(U7:U9) -> 0 | V6: =SUM(V7:V9) -> 0 | W6: =SUM(W7:W9) -> 0 | X6: =SUM(X7:X9) -> 0 | Y6: =SUM(Y7:Y9) -> 0 | Z6: =SUM(Z7:Z9) -> 0 | AA6: =SUM(AA7:AA9) -> 0 | ... AY6: =SUM(AY7:AY9) -> 0
A7: =Экскаваторы!C39 -> HITACHI ZX-470 № 24 (Обр) | B7: =IF(Экскаваторы!AB39>0,1,0) -> 0 | E7: м3 | F7: =(Экскаваторы!J39+Экскаваторы!F39)*'Сводка внутр.'!$P$1 -> 0 | G7: =Экскаваторы!S39+Экскаваторы!T39 -> 0 | H7: =Экскаваторы!Q39 -> 0 | I7: =G7+H7 -> 0 | J7: =Экскаваторы!N39 -> 0 | K7: =Экскаваторы!O39 -> 0 | L7: =IF(K7=0,0,K7/J7) -> 0 | M7: =IF($B$29="зима",C35,E35) -> 26.190476 | N7: =IF(L7=0,0,(1-L7/M7)*100) -> 0 | P7: =Экскаваторы!V39 -> 0 | Q7: =Экскаваторы!W39 -> 0 | R7: =Экскаваторы!X39 -> 0 | T7: =Экскаваторы!Y39 -> 0 | U7: =Экскаваторы!Z39 -> 0 | V7: =SUM(P7:U7) -> 0 | W7: =V7+I7 -> 0 | X7: =Экскаваторы!AC39 -> 0 | Y7: =Экскаваторы!AD39 -> 0 | Z7: =Экскаваторы!AE39 -> 0 | AA7: =Экскаваторы!AF39 -> 0 | AB7: =Экскаваторы!AG39 -> 0 | AC7: =SUM(X7:AB7) -> 0 | AD7: =Экскаваторы!AI39 -> 0 | AE7: =Экскаваторы!AJ39 -> 0 | AF7: =Экскаваторы!AK39 -> 0 | AG7: =Экскаваторы!AL39 -> 0 | AH7: =Экскаваторы!AM39 -> 0 | AI7: =Экскаваторы!AN39 -> 0 | AJ7: =Экскаваторы!AO39 -> 0 | AK7: =Экскаваторы!AP39 -> 0 | AL7: =SUM(AD7:AK7) -> 0 | AM7: =Экскаваторы!AR39 -> 0 | AN7: =Экскаваторы!AS39 -> 0 | AO7: =Экскаваторы!AT39 -> 0 | AP7: =Экскаваторы!AU39 -> 0 | AQ7: =Экскаваторы!AV39 -> 0 | AR7: =SUM(AM7:AQ7) -> 0 | AS7: =Экскаваторы!AX39 -> 0 | AT7: =Экскаваторы!AY39 -> 0 | AU7: =SUM(AS7:AT7) -> 0 | AV7: =Экскаваторы!BA39 -> 0 | AW7: =AV7+AU7+AR7+AL7 -> 0 | AX7: =AW7+AC7 -> 0 | AY7: =AX7+W7 -> 0
A8: =Экскаваторы!C38 -> HITACHI EX-1200 № 25 (Обр) | B8: =IF(Экскаваторы!AB38>0,1,0) -> 0 | E8: м3 | F8: =(Экскаваторы!J38+Экскаваторы!F38)*'Сводка внутр.'!$P$1 -> 0 | G8: =Экскаваторы!S38+Экскаваторы!T38 -> 0 | H8: =Экскаваторы!Q38 -> 0 | I8: =G8+H8 -> 0 | J8: =Экскаваторы!N38 -> 0 | K8: =Экскаваторы!O38 -> 0 | L8: =IF(K8=0,0,K8/J8) -> 0 | M8: =IF($B$29="зима",C37,E37) -> 85.714286 | N8: =IF(L8=0,0,(1-L8/M8)*100) -> 0 | P8: =Экскаваторы!V38 -> 0 | Q8: =Экскаваторы!W38 -> 0 | R8: =Экскаваторы!X38 -> 0 | T8: =Экскаваторы!Y38 -> 0 | U8: =Экскаваторы!Z38 -> 0 | V8: =SUM(P8:U8) -> 0 | W8: =V8+I8 -> 0 | X8: =Экскаваторы!AC38 -> 0 | Y8: =Экскаваторы!AD38 -> 0 | Z8: =Экскаваторы!AE38 -> 0 | AA8: =Экскаваторы!AF38 -> 0 | AB8: =Экскаваторы!AG38 -> 0 | AC8: =SUM(X8:AB8) -> 0 | AD8: =Экскаваторы!AI38 -> 0 | AE8: =Экскаваторы!AJ38 -> 0 | AF8: =Экскаваторы!AK38 -> 0 | AG8: =Экскаваторы!AL38 -> 0 | AH8: =Экскаваторы!AM38 -> 0 | AI8: =Экскаваторы!AN38 -> 0 | AJ8: =Экскаваторы!AO38 -> 0 | AK8: =Экскаваторы!AP38 -> 0 | AL8: =SUM(AD8:AK8) -> 0 | AM8: =Экскаваторы!AR38 -> 0 | AN8: =Экскаваторы!AS38 -> 0 | AO8: =Экскаваторы!AT38 -> 0 | AP8: =Экскаваторы!AU38 -> 0 | AQ8: =Экскаваторы!AV38 -> 0 | AR8: =SUM(AM8:AQ8) -> 0 | AS8: =Экскаваторы!AX38 -> 0 | AT8: =Экскаваторы!AY38 -> 0 | AU8: =SUM(AS8:AT8) -> 0 | AV8: =Экскаваторы!BA38 -> 0 | AW8: =AV8+AU8+AR8+AL8 -> 0 | AX8: =AW8+AC8 -> 0 | AY8: =AX8+W8 -> 0
A9: =Экскаваторы!C40 -> ЭШ 6/45 №17 | B9: =IF(Экскаваторы!AB40>0,1,0) -> 0 | E9: м3 | F9: =Экскаваторы!J40 -> 0 | G9: =Экскаваторы!S40+Экскаваторы!T40 -> 0 | H9: =Экскаваторы!Q40 -> 0 | I9: =G9+H9 -> 0 | P9: =Экскаваторы!V40 -> 0 | Q9: =Экскаваторы!W40 -> 0 | R9: =Экскаваторы!X40 -> 0 | T9: =Экскаваторы!Y40 -> 0 | U9: =Экскаваторы!Z40 -> 0 | V9: =SUM(P9:U9) -> 0 | W9: =V9+I9 -> 0 | X9: =Экскаваторы!AC40 -> 0 | Y9: =Экскаваторы!AD40 -> 0 | Z9: =Экскаваторы!AE40 -> 0 | AA9: =Экскаваторы!AF40 -> 0 | AB9: =Экскаваторы!AG40 -> 0 | AC9: =SUM(X9:AB9) -> 0 | AD9: =Экскаваторы!AI40 -> 0 | AE9: =Экскаваторы!AJ40 -> 0 | AF9: =Экскаваторы!AK40 -> 0 | AG9: =Экскаваторы!AL40 -> 0 | AH9: =Экскаваторы!AM40 -> 0 | AI9: =Экскаваторы!AN40 -> 0 | AJ9: =Экскаваторы!AO40 -> 0 | AK9: =Экскаваторы!AP40 -> 0 | AL9: =SUM(AD9:AK9) -> 0 | AM9: =Экскаваторы!AR40 -> 0 | AN9: =Экскаваторы!AS40 -> 0 | AO9: =Экскаваторы!AT40 -> 0 | AP9: =Экскаваторы!AU40 -> 0 | AQ9: =Экскаваторы!AV40 -> 0 | AR9: =SUM(AM9:AQ9) -> 0 | AS9: =Экскаваторы!AX40 -> 0 | AT9: =Экскаваторы!AY40 -> 0 | AU9: =SUM(AS9:AT9) -> 0 | AV9: =Экскаваторы!BA40 -> 0 | AW9: =AV9+AU9+AR9+AL9 -> 0 | AX9: =AW9+AC9 -> 0 | AY9: =AX9+W9 -> 0
A10: БелАЗ-754701 №30 | B10: =IF(('БелАЗы '!W7+'БелАЗы '!W18)>0,1,0) -> 0 | C10: ='БелАЗы '!K7+'БелАЗы '!K18 -> 0 | D10: =IF(('БелАЗы '!K7+'БелАЗы '!K18)=0,0,('БелАЗы '!K7*'БелАЗы '!L7+'БелАЗы '!K18*'БелАЗы '!L18)/('БелАЗы '!K7+'БелАЗы '!K18)) -> 0 | E10: м3хкм | F10: ='БелАЗы '!H7*'БелАЗы '!L7+'БелАЗы '!H18*'БелАЗы '!L18 -> 0 | I10: ='БелАЗы '!Q7+'БелАЗы '!Q18 -> 0 | J10: ='БелАЗы '!M7+'БелАЗы '!M18 -> 0 | K10: ='БелАЗы '!N7+'БелАЗы '!N18 -> 0 | L10: =IF(K10=0,0,K10/J10*100) -> 0 | M10: =IF($B$29="зима",C38,E38) -> 214.28571 | N10: =IF(L10=0,0,(1-L10/M10)*100) -> 0 | O10: ='БелАЗы '!O7+'БелАЗы '!O18 -> 0 | P10: ='БелАЗы '!R7+'БелАЗы '!R18 -> 0 | Q10: ='БелАЗы '!S7+'БелАЗы '!S18 -> 0 | S10: ='БелАЗы '!T7+'БелАЗы '!T18 -> 0 | U10: ='БелАЗы '!U7+'БелАЗы '!U18 -> 0 | V10: =SUM(P10:U10) -> 0 | W10: =V10+I10 -> 0 | X10: ='БелАЗы '!X7+'БелАЗы '!X18 -> 0 | Y10: ='БелАЗы '!Y7+'БелАЗы '!Y18 -> 0 | Z10: ='БелАЗы '!Z7+'БелАЗы '!Z18 -> 0 | AA10: ='БелАЗы '!AA7+'БелАЗы '!AA18 -> 0 | AB10: ='БелАЗы '!AB7+'БелАЗы '!AB18 -> 0 | AC10: =SUM(X10:AB10) -> 0 | AD10: ='БелАЗы '!AD7+'БелАЗы '!AD18 -> 0 | AE10: ='БелАЗы '!AE7+'БелАЗы '!AE18 -> 0 | AF10: ='БелАЗы '!AF7+'БелАЗы '!AF18 -> 0 | AG10: ='БелАЗы '!AG7+'БелАЗы '!AG18 -> 0 | AH10: ='БелАЗы '!AH7+'БелАЗы '!AH18 -> 0 | AI10: ='БелАЗы '!AI7+'БелАЗы '!AI18 -> 0 | AJ10: ='БелАЗы '!AJ7+'БелАЗы '!AJ18 -> 0 | AK10: ='БелАЗы '!AK7+'БелАЗы '!AK18 -> 0 | AL10: =SUM(AD10:AK10) -> 0 | AN10: ='БелАЗы '!AM7+'БелАЗы '!AM18 -> 0 | AO10: ='БелАЗы '!AN7+'БелАЗы '!AN18 -> 0 | AP10: ='БелАЗы '!AO7+'БелАЗы '!AO18 -> 0 | AQ10: ='БелАЗы '!AP7+'БелАЗы '!AP18 -> 0 | AR10: =SUM(AM10:AQ10) -> 0 | AS10: ='БелАЗы '!AR7+'БелАЗы '!AR18 -> 0 | AT10: ='БелАЗы '!AS7+'БелАЗы '!AS18 -> 0 | AU10: =SUM(AS10:AT10) -> 0 | AV10: ='БелАЗы '!AU7+'БелАЗы '!AU18 -> 0 | AW10: =AV10+AU10+AR10+AL10 -> 0 | AX10: =AW10+AC10 -> 0 | AY10: =AX10+W10 -> 0
A11: БелАЗ-754701 №32 | B11: =IF(('БелАЗы '!W8+'БелАЗы '!W19)>0,1,0) -> 0 | C11: ='БелАЗы '!K8+'БелАЗы '!K19 -> 0 | D11: =IF(('БелАЗы '!K8+'БелАЗы '!K19)=0,0,('БелАЗы '!K8*'БелАЗы '!L8+'БелАЗы '!K19*'БелАЗы '!L19)/('БелАЗы '!K8+'БелАЗы '!K19)) -> 0 | E11: м3хкм | F11: ='БелАЗы '!H8*'БелАЗы '!L8+'БелАЗы '!H19*'БелАЗы '!L19 -> 0 | I11: ='БелАЗы '!Q8+'БелАЗы '!Q19 -> 0 | J11: ='БелАЗы '!M8+'БелАЗы '!M19 -> 0 | K11: ='БелАЗы '!N8+'БелАЗы '!N19 -> 0 | L11: =IF(K11=0,0,K11/J11*100) -> 0 | M11: =IF($B$29="зима",C39,E39) -> 214.28571 | N11: =IF(L11=0,0,(1-L11/M11)*100) -> 0 | O11: ='БелАЗы '!O8+'БелАЗы '!O19 -> 0 | P11: ='БелАЗы '!R8+'БелАЗы '!R19 -> 0 | Q11: ='БелАЗы '!S8+'БелАЗы '!S19 -> 0 | S11: ='БелАЗы '!T8+'БелАЗы '!T19 -> 0 | U11: ='БелАЗы '!U8+'БелАЗы '!U19 -> 0 | V11: =SUM(P11:U11) -> 0 | W11: =V11+I11 -> 0 | X11: ='БелАЗы '!X8+'БелАЗы '!X19 -> 0 | Y11: ='БелАЗы '!Y8+'БелАЗы '!Y19 -> 0 | Z11: ='БелАЗы '!Z8+'БелАЗы '!Z19 -> 0 | AA11: ='БелАЗы '!AA8+'БелАЗы '!AA19 -> 0 | AB11: ='БелАЗы '!AB8+'БелАЗы '!AB19 -> 0 | AC11: =SUM(X11:AB11) -> 0 | AD11: ='БелАЗы '!AD8+'БелАЗы '!AD19 -> 0 | AE11: ='БелАЗы '!AE8+'БелАЗы '!AE19 -> 0 | AF11: ='БелАЗы '!AF8+'БелАЗы '!AF19 -> 0 | AG11: ='БелАЗы '!AG8+'БелАЗы '!AG19 -> 0 | AH11: ='БелАЗы '!AH8+'БелАЗы '!AH19 -> 0 | AI11: ='БелАЗы '!AI8+'БелАЗы '!AI19 -> 0 | AJ11: ='БелАЗы '!AJ8+'БелАЗы '!AJ19 -> 0 | AK11: ='БелАЗы '!AK8+'БелАЗы '!AK19 -> 0 | AL11: =SUM(AD11:AK11) -> 0 | AN11: ='БелАЗы '!AM8+'БелАЗы '!AM19 -> 0 | AO11: ='БелАЗы '!AN8+'БелАЗы '!AN19 -> 0 | AP11: ='БелАЗы '!AO8+'БелАЗы '!AO19 -> 0 | AQ11: ='БелАЗы '!AP8+'БелАЗы '!AP19 -> 0 | AR11: =SUM(AM11:AQ11) -> 0 | AS11: ='БелАЗы '!AR8+'БелАЗы '!AR19 -> 0 | AT11: ='БелАЗы '!AS8+'БелАЗы '!AS19 -> 0 | AU11: =SUM(AS11:AT11) -> 0 | AV11: ='БелАЗы '!AU8+'БелАЗы '!AU19 -> 0 | AW11: =AV11+AU11+AR11+AL11 -> 0 | AX11: =AW11+AC11 -> 0 | AY11: =AX11+W11 -> 0
A12: БелАЗ-754701 №35 | B12: =IF(('БелАЗы '!W9+'БелАЗы '!W20)>0,1,0) -> 0 | C12: ='БелАЗы '!K9+'БелАЗы '!K20 -> 0 | D12: =IF(('БелАЗы '!K9+'БелАЗы '!K20)=0,0,('БелАЗы '!K9*'БелАЗы '!L9+'БелАЗы '!K20*'БелАЗы '!L20)/('БелАЗы '!K9+'БелАЗы '!K20)) -> 0 | E12: м3хкм | F12: ='БелАЗы '!H9*'БелАЗы '!L9+'БелАЗы '!H20*'БелАЗы '!L20 -> 0 | I12: ='БелАЗы '!Q9+'БелАЗы '!Q20 -> 0 | J12: ='БелАЗы '!M9+'БелАЗы '!M20 -> 0 | K12: ='БелАЗы '!N9+'БелАЗы '!N20 -> 0 | L12: =IF(K12=0,0,K12/J12*100) -> 0 | M12: =IF($B$29="зима",C39,E39) -> 214.28571 | N12: =IF(L12=0,0,(1-L12/M12)*100) -> 0 | O12: ='БелАЗы '!O9+'БелАЗы '!O20 -> 0 | P12: ='БелАЗы '!R9+'БелАЗы '!R20 -> 0 | Q12: ='БелАЗы '!S9+'БелАЗы '!S20 -> 0 | S12: ='БелАЗы '!T9+'БелАЗы '!T20 -> 0 | U12: ='БелАЗы '!U9+'БелАЗы '!U20 -> 0 | V12: =SUM(P12:U12) -> 0 | W12: =V12+I12 -> 0 | X12: ='БелАЗы '!X9+'БелАЗы '!X20 -> 0 | Y12: ='БелАЗы '!Y9+'БелАЗы '!Y20 -> 0 | Z12: ='БелАЗы '!Z9+'БелАЗы '!Z20 -> 0 | AA12: ='БелАЗы '!AA9+'БелАЗы '!AA20 -> 0 | AB12: ='БелАЗы '!AB9+'БелАЗы '!AB20 -> 0 | AC12: =SUM(X12:AB12) -> 0 | AD12: ='БелАЗы '!AD9+'БелАЗы '!AD20 -> 0 | AE12: ='БелАЗы '!AE9+'БелАЗы '!AE20 -> 0 | AF12: ='БелАЗы '!AF9+'БелАЗы '!AF20 -> 0 | AG12: ='БелАЗы '!AG9+'БелАЗы '!AG20 -> 0 | AH12: ='БелАЗы '!AH9+'БелАЗы '!AH20 -> 0 | AI12: ='БелАЗы '!AI9+'БелАЗы '!AI20 -> 0 | AJ12: ='БелАЗы '!AJ9+'БелАЗы '!AJ20 -> 0 | AK12: ='БелАЗы '!AK9+'БелАЗы '!AK20 -> 0 | AL12: =SUM(AD12:AK12) -> 0 | AN12: ='БелАЗы '!AM9+'БелАЗы '!AM20 -> 0 | AO12: ='БелАЗы '!AN9+'БелАЗы '!AN20 -> 0 | AP12: ='БелАЗы '!AO9+'БелАЗы '!AO20 -> 0 | AQ12: ='БелАЗы '!AP9+'БелАЗы '!AP20 -> 0 | AR12: =SUM(AM12:AQ12) -> 0 | AS12: ='БелАЗы '!AR9+'БелАЗы '!AR20 -> 0 | AT12: ='БелАЗы '!AS9+'БелАЗы '!AS20 -> 0 | AU12: =SUM(AS12:AT12) -> 0 | AV12: ='БелАЗы '!AU9+'БелАЗы '!AU20 -> 0 | AW12: =AV12+AU12+AR12+AL12 -> 0 | AX12: =AW12+AC12 -> 0 | AY12: =AX12+W12 -> 0
A13: Всего БелАЗы | B13: =SUM(B10:B12) -> 0 | C13: =SUM(C10:C12) -> 0 | D13: =IF('БелАЗы '!K30=0,0,('БелАЗы '!K7*'БелАЗы '!L7+'БелАЗы '!K9*'БелАЗы '!L9+'БелАЗы '!K18*'БелАЗы '!L18+'БелАЗы '!K20*'БелАЗы '!L20)/'БелАЗы '!K30) -> 0 | E13: м3хкм | F13: =SUM(F10:F12) -> 0 | I13: =SUM(I10:I12) -> 0 | J13: =SUM(J10:J12) -> 0 | K13: =SUM(K10:K12) -> 0 | O13: =SUM(O10:O12) -> 0 | P13: =SUM(P10:P12) -> 0 | Q13: =SUM(Q10:Q12) -> 0 | S13: =SUM(S10:S12) -> 0 | U13: =SUM(U10:U12) -> 0 | V13: =SUM(V10:V12) -> 0 | W13: =SUM(W10:W12) -> 0 | X13: =SUM(X10:X12) -> 0 | Y13: =SUM(Y10:Y12) -> 0 | Z13: =SUM(Z10:Z12) -> 0 | AA13: =SUM(AA10:AA12) -> 0 | AB13: =SUM(AB10:AB12) -> 0 | ... AL13: =SUM(AL10:AL12) -> 0 | AN13: =SUM(AN10:AN12) -> 0 | AO13: =SUM(AO10:AO12) -> 0 | AP13: =SUM(AP10:AP12) -> 0 | AQ13: =SUM(AQ10:AQ12) -> 0 | AR13: =SUM(AR10:AR12) -> 0 | AS13: =SUM(AS10:AS12) -> 0 | AT13: =SUM(AT10:AT12) -> 0 | AU13: =SUM(AU10:AU12) -> 0 | ... AY13: =SUM(AY10:AY12) -> 0
A14: Бульдозеры всего | B14: =SUM(B15:B16) -> 0 | F14: =SUM(F15:F16) -> 0 | I14: =SUM(I15:I16) -> 0 | J14: =SUM(J15:J16) -> 0 | K14: =SUM(K15:K16) -> 0 | O14: =SUM(O15:O16) -> 0 | P14: =SUM(P15:P16) -> 0 | Q14: =SUM(Q15:Q16) -> 0 | R14: =SUM(R15:R16) -> 0 | U14: =SUM(U15:U16) -> 0 | V14: =SUM(V15:V16) -> 0 | W14: =SUM(W15:W16) -> 0 | X14: =SUM(X15:X16) -> 0 | Y14: =SUM(Y15:Y16) -> 0 | Z14: =SUM(Z15:Z16) -> 0 | AA14: =SUM(AA15:AA16) -> 0 | AB14: =SUM(AB15:AB16) -> 0 | ... AI14: =SUM(AI15:AI16) -> 0 | AK14: =SUM(AK15:AK16) -> 0 | AL14: =SUM(AL15:AL16) -> 0 | AN14: =SUM(AN15:AN16) -> 0 | AO14: =SUM(AO15:AO16) -> 0 | AP14: =SUM(AP15:AP16) -> 0 | AQ14: =SUM(AQ15:AQ16) -> 0 | AR14: =SUM(AR15:AR16) -> 0 | AS14: =SUM(AS15:AS16) -> 0 | AT14: =SUM(AT15:AT16) -> 0 | AU14: =SUM(AU15:AU16) -> 0 | ... AY14: =SUM(AY15:AY16) -> 0
A15: =Бульдозеры!C15 -> Caterpillar D-9R №36 | B15: =IF(Бульдозеры!N15>0,1,0) -> 0 | F15: =Бульдозеры!AQ15+Бульдозеры!AR15 -> 0 | I15: =Бульдозеры!H15 -> 0 | J15: =Бульдозеры!D15 -> 0 | K15: =Бульдозеры!E15 -> 0 | L15: =IF(K15=0,0,K15/J15) -> 0 | M15: =IF($B$29="зима",C54,E54) -> 32.142857 | N15: =IF(L15=0,0,(1-L15/M15)*100) -> 0 | O15: =Бульдозеры!F15 -> 0 | P15: =Бульдозеры!I15 -> 0 | Q15: =Бульдозеры!J15 -> 0 | R15: =Бульдозеры!K15 -> 0 | U15: =Бульдозеры!L15 -> 0 | V15: =SUM(P15:Q15)+U15 -> 0 | W15: =V15+I15+R15 -> 0 | X15: =Бульдозеры!O15 -> 0 | Y15: =Бульдозеры!P15 -> 0 | Z15: =Бульдозеры!Q15 -> 0 | AA15: =Бульдозеры!R15 -> 0 | AB15: =Бульдозеры!S15 -> 0 | AC15: =SUM(X15:AB15) -> 0 | AD15: =Бульдозеры!U15 -> 0 | AE15: =Бульдозеры!V15 -> 0 | AF15: =Бульдозеры!W15 -> 0 | AG15: =Бульдозеры!X15 -> 0 | AH15: =Бульдозеры!Y15 -> 0 | AI15: =Бульдозеры!Z15 -> 0 | AK15: =Бульдозеры!AA15 -> 0 | AL15: =SUM(AD15:AK15) -> 0 | AN15: =Бульдозеры!AC15 -> 0 | AO15: =Бульдозеры!AD15 -> 0 | AP15: =Бульдозеры!AE15 -> 0 | AQ15: =Бульдозеры!AF15 -> 0 | AR15: =SUM(AM15:AQ15) -> 0 | AS15: =Бульдозеры!AH15 -> 0 | AT15: =Бульдозеры!AI15 -> 0 | AU15: =SUM(AS15:AT15) -> 0 | AV15: =Бульдозеры!AK15 -> 0 | AW15: =AV15+AU15+AR15+AL15 -> 0 | AX15: =AW15+AC15 -> 0 | AY15: =AX15+W15 -> 0
A16: =Бульдозеры!C16 -> Caterpillar D-6R №28 | B16: =IF(Бульдозеры!N16>0,1,0) -> 0 | F16: =Бульдозеры!AQ16+Бульдозеры!AR16 -> 0 | I16: =Бульдозеры!H16 -> 0 | J16: =Бульдозеры!D16 -> 0 | K16: =Бульдозеры!E16 -> 0 | L16: =IF(K16=0,0,K16/J16) -> 0 | M16: =IF($B$29="зима",C57,E57) -> 16.666667 | N16: =IF(L16=0,0,(1-L16/M16)*100) -> 0 | O16: =Бульдозеры!F16 -> 0 | P16: =Бульдозеры!I16 -> 0 | Q16: =Бульдозеры!J16 -> 0 | R16: =Бульдозеры!K16 -> 0 | U16: =Бульдозеры!L16 -> 0 | V16: =SUM(P16:Q16)+U16 -> 0 | W16: =V16+I16+R16 -> 0 | X16: =Бульдозеры!O16 -> 0 | Y16: =Бульдозеры!P16 -> 0 | Z16: =Бульдозеры!Q16 -> 0 | AA16: =Бульдозеры!R16 -> 0 | AB16: =Бульдозеры!S16 -> 0 | AC16: =SUM(X16:AB16) -> 0 | AD16: =Бульдозеры!U16 -> 0 | AE16: =Бульдозеры!V16 -> 0 | AF16: =Бульдозеры!W16 -> 0 | AG16: =Бульдозеры!X16 -> 0 | AH16: =Бульдозеры!Y16 -> 0 | AI16: =Бульдозеры!Z16 -> 0 | AK16: =Бульдозеры!AA16 -> 0 | AL16: =SUM(AD16:AK16) -> 0 | AN16: =Бульдозеры!AC16 -> 0 | AO16: =Бульдозеры!AD16 -> 0 | AP16: =Бульдозеры!AE16 -> 0 | AQ16: =Бульдозеры!AF16 -> 0 | AR16: =SUM(AM16:AQ16) -> 0 | AS16: =Бульдозеры!AH16 -> 0 | AT16: =Бульдозеры!AI16 -> 0 | AU16: =SUM(AS16:AT16) -> 0 | AV16: =Бульдозеры!AK16 -> 0 | AW16: =AV16+AU16+AR16+AL16 -> 0 | AX16: =AW16+AC16 -> 0 | AY16: =AX16+W16 -> 0
A17: Автогрейдеры всего | B17: =SUM(B18:B18) -> 0 | E17: км | F17: =SUM(F18:F18) -> 0 | I17: =SUM(I18:I18) -> 0 | J17: =SUM(J18:J18) -> 0 | K17: =SUM(K18:K18) -> 0 | O17: =SUM(O18:O18) -> 0 | P17: =SUM(P18:P18) -> 0 | Q17: =SUM(Q18:Q18) -> 0 | R17: =SUM(R18:R18) -> 0 | U17: =SUM(U18:U18) -> 0 | V17: =SUM(V18:V18) -> 0 | W17: =SUM(W18:W18) -> 0 | X17: =SUM(X18:X18) -> 0 | Y17: =SUM(Y18:Y18) -> 0 | Z17: =SUM(Z18:Z18) -> 0 | AA17: =SUM(AA18:AA18) -> 0 | AB17: =SUM(AB18:AB18) -> 0 | ... AI17: =SUM(AI18:AI18) -> 0 | AK17: =SUM(AK18:AK18) -> 0 | AL17: =SUM(AL18:AL18) -> 0 | AN17: =SUM(AN18:AN18) -> 0 | AO17: =SUM(AO18:AO18) -> 0 | AP17: =SUM(AP18:AP18) -> 0 | AQ17: =SUM(AQ18:AQ18) -> 0 | AR17: =SUM(AR18:AR18) -> 0 | AS17: =SUM(AS18:AS18) -> 0 | AT17: =SUM(AT18:AT18) -> 0 | AU17: =SUM(AU18:AU18) -> 0 | ... AY17: =SUM(AY18:AY18) -> 0
A18: =Бульдозеры!C9 -> Caterpillar 140М №4 | B18: =IF(Бульдозеры!N17>0,1,0) -> 0 | E18: км | F18: =Бульдозеры!AQ18+Бульдозеры!AR17 -> 0 | I18: =Бульдозеры!H17 -> 0 | J18: =Бульдозеры!D17 -> 0 | K18: =Бульдозеры!E17 -> 0 | L18: =IF(K18=0,0,K18/J18) -> 0 | M18: =IF($B$29="зима",C61,E61) -> 12.738095 | N18: =IF(L18=0,0,(1-L18/M18)*100) -> 0 | O18: =Бульдозеры!F17 -> 0 | P18: =Бульдозеры!I17 -> 0 | Q18: =Бульдозеры!J17 -> 0 | R18: =Бульдозеры!K17 -> 0 | U18: =Бульдозеры!L17 -> 0 | V18: =SUM(P18:Q18)+U18 -> 0 | W18: =V18+I18 -> 0 | X18: =Бульдозеры!O17 -> 0 | Y18: =Бульдозеры!P17 -> 0 | Z18: =Бульдозеры!Q17 -> 0 | AA18: =Бульдозеры!R17 -> 0 | AB18: =Бульдозеры!S17 -> 0 | AC18: =SUM(X18:AB18) -> 0 | AD18: =Бульдозеры!U17 -> 0 | AE18: =Бульдозеры!V17 -> 0 | AF18: =Бульдозеры!W17 -> 0 | AG18: =Бульдозеры!X17 -> 0 | AH18: =Бульдозеры!Y17 -> 0 | AI18: =Бульдозеры!Z17 -> 0 | AK18: =Бульдозеры!AA17 -> 0 | AL18: =SUM(AD18:AK18) -> 0 | AN18: =Бульдозеры!AC17 -> 0 | AO18: =Бульдозеры!AD17 -> 0 | AP18: =Бульдозеры!AE17 -> 0 | AQ18: =Бульдозеры!AF17 -> 0 | AR18: =SUM(AM18:AQ18) -> 0 | AS18: =Бульдозеры!AH17 -> 0 | AT18: =Бульдозеры!AI17 -> 0 | AU18: =SUM(AS18:AT18) -> 0 | AV18: =Бульдозеры!AK17 -> 0 | AW18: =AV18+AU18+AR18+AL18 -> 0 | AX18: =AW18+AC18 -> 0 | AY18: =AX18+W18 -> 0
A19: =Бульдозеры!C10 -> Komatsu-825 №5 | B19: =IF(Бульдозеры!N18>0,1,0) -> 0 | E19: км | F19: =Бульдозеры!AQ19+Бульдозеры!AR18 -> 0 | I19: =Бульдозеры!H18 -> 0 | J19: =Бульдозеры!D18 -> 0 | K19: =Бульдозеры!E18 -> 0 | L19: =IF(K19=0,0,K19/J19) -> 0 | M19: =IF($B$29="зима",C60,E60) -> 17.261905 | N19: =IF(L19=0,0,(1-L19/M19)*100) -> 0 | O19: =Бульдозеры!F18 -> 0 | P19: =Бульдозеры!I18 -> 0 | Q19: =Бульдозеры!J18 -> 0 | R19: =Бульдозеры!K18 -> 0 | U19: =Бульдозеры!L18 -> 0 | V19: =SUM(P19:Q19)+U19 -> 0 | W19: =V19+I19 -> 0 | X19: =Бульдозеры!O18 -> 0 | Y19: =Бульдозеры!P18 -> 0 | Z19: =Бульдозеры!Q18 -> 0 | AA19: =Бульдозеры!R18 -> 0 | AB19: =Бульдозеры!S18 -> 0 | AC19: =SUM(X19:AB19) -> 0 | AD19: =Бульдозеры!U18 -> 0 | AE19: =Бульдозеры!V18 -> 0 | AF19: =Бульдозеры!W18 -> 0 | AG19: =Бульдозеры!X18 -> 0 | AH19: =Бульдозеры!Y18 -> 0 | AI19: =Бульдозеры!Z18 -> 0 | AK19: =Бульдозеры!AA18 -> 0 | AL19: =SUM(AD19:AK19) -> 0 | AN19: =Бульдозеры!AC18 -> 0 | AO19: =Бульдозеры!AD18 -> 0 | AP19: =Бульдозеры!AE18 -> 0 | AQ19: =Бульдозеры!AF18 -> 0 | AR19: =SUM(AM19:AQ19) -> 0 | AS19: =Бульдозеры!AH18 -> 0 | AT19: =Бульдозеры!AI18 -> 0 | AU19: =SUM(AS19:AT19) -> 0 | AV19: =Бульдозеры!AK18 -> 0 | AW19: =AV19+AU19+AR19+AL19 -> 0 | AX19: =AW19+AC19 -> 0 | AY19: =AX19+W19 -> 0
A20: Погрузчики всего | B20: =SUM(B21:B27) -> 0 | E20: м3 | F20: =SUM(F21:F27) -> 0 | G20: =SUM(G21:G27) -> 0 | H20: =SUM(H21:H27) -> 0 | I20: =SUM(I21:I27) -> 0 | J20: =SUM(J21:J27) -> 0 | K20: =SUM(K21:K27) -> 0 | O20: =SUM(O21:O27) -> 0 | P20: =SUM(P21:P27) -> 0 | Q20: =SUM(Q21:Q27) -> 0 | R20: =SUM(R21:R27) -> 0 | T20: =SUM(T21:T27) -> 0 | U20: =SUM(U21:U27) -> 0 | V20: =SUM(V21:V27) -> 0 | W20: =SUM(W21:W27) -> 0 | X20: =SUM(X21:X27) -> 0 | Y20: =SUM(Y21:Y27) -> 0 | Z20: =SUM(Z21:Z27) -> 0 | AA20: =SUM(AA21:AA27) -> 0 | ... AY20: =SUM(AY21:AY27) -> 0
A21: CAT-962H №15 | B21: =IF(Экскаваторы!AB41>0,1,0) -> 0 | E21: м3 | F21: =(Экскаваторы!J41+Экскаваторы!F41)*'Сводка внутр.'!$P$1 -> 0 | G21: =Экскаваторы!S41+Экскаваторы!T41 -> 0 | H21: =Экскаваторы!Q41 -> 0 | I21: =G21+H21 -> 0 | J21: =Экскаваторы!N41 -> 0 | K21: =Экскаваторы!O41 -> 0 | L21: =IF(K21=0,0,K21/J21) -> 0 | M21: =IF($B$29="зима",C62,E62) -> 10.714286 | N21: =IF(L21=0,0,(1-L21/M21)*100) -> 0 | P21: =Экскаваторы!V41 -> 0 | Q21: =Экскаваторы!W41 -> 0 | R21: =Экскаваторы!X41 -> 0 | T21: =Экскаваторы!Y41 -> 0 | U21: =Экскаваторы!Z41 -> 0 | V21: =SUM(P21:U21) -> 0 | W21: =V21+I21 -> 0 | X21: =Экскаваторы!AC41 -> 0 | Y21: =Экскаваторы!AD41 -> 0 | Z21: =Экскаваторы!AE41 -> 0 | AA21: =Экскаваторы!AF41 -> 0 | AB21: =Экскаваторы!AG41 -> 0 | AC21: =SUM(X21:AB21) -> 0 | AD21: =Экскаваторы!AI41 -> 0 | AE21: =Экскаваторы!AJ41 -> 0 | AF21: =Экскаваторы!AK41 -> 0 | AG21: =Экскаваторы!AL41 -> 0 | AH21: =Экскаваторы!AM41 -> 0 | AI21: =Экскаваторы!AN41 -> 0 | AJ21: =Экскаваторы!AO41 -> 0 | AK21: =Экскаваторы!AP41 -> 0 | AL21: =SUM(AD21:AK21) -> 0 | AM21: =Экскаваторы!AR41 -> 0 | AN21: =Экскаваторы!AS41 -> 0 | AO21: =Экскаваторы!AT41 -> 0 | AP21: =Экскаваторы!AU41 -> 0 | AQ21: =Экскаваторы!AV41 -> 0 | AR21: =SUM(AM21:AQ21) -> 0 | AS21: =Экскаваторы!AX41 -> 0 | AT21: =Экскаваторы!AY41 -> 0 | AU21: =SUM(AS21:AT21) -> 0 | AV21: =Экскаваторы!BA41 -> 0 | AW21: =AV21+AU21+AR21+AL21 -> 0 | AX21: =AW21+AC21 -> 0 | AY21: =AX21+W21 -> 0
A22: Shantui SL60W №26 | B22: =IF(Экскаваторы!AB42>0,1,0) -> 0 | E22: м3 | F22: =(Экскаваторы!J42+Экскаваторы!F42)*'Сводка внутр.'!$P$1 -> 0 | G22: =Экскаваторы!S42+Экскаваторы!T42 -> 0 | H22: =Экскаваторы!Q42 -> 0 | I22: =G22+H22 -> 0 | J22: =Экскаваторы!N42 -> 0 | K22: =Экскаваторы!O42 -> 0 | L22: =IF(K22=0,0,K22/J22) -> 0 | M22: =IF($B$29="зима",C63,E63) -> 10.714286 | N22: =IF(L22=0,0,(1-L22/M22)*100) -> 0 | P22: =Экскаваторы!V42 -> 0 | Q22: =Экскаваторы!W42 -> 0 | R22: =Экскаваторы!X42 -> 0 | T22: =Экскаваторы!Y42 -> 0 | U22: =Экскаваторы!Z42 -> 0 | V22: =SUM(P22:U22) -> 0 | W22: =V22+I22 -> 0 | X22: =Экскаваторы!AC42 -> 0 | Y22: =Экскаваторы!AD42 -> 0 | Z22: =Экскаваторы!AE42 -> 0 | AA22: =Экскаваторы!AF42 -> 0 | AB22: =Экскаваторы!AG42 -> 0 | AC22: =SUM(X22:AB22) -> 0 | AD22: =Экскаваторы!AI42 -> 0 | AE22: =Экскаваторы!AJ42 -> 0 | AF22: =Экскаваторы!AK42 -> 0 | AG22: =Экскаваторы!AL42 -> 0 | AH22: =Экскаваторы!AM42 -> 0 | AI22: =Экскаваторы!AN42 -> 0 | AJ22: =Экскаваторы!AO42 -> 0 | AK22: =Экскаваторы!AP42 -> 0 | AL22: =SUM(AD22:AK22) -> 0 | AM22: =Экскаваторы!AR42 -> 0 | AN22: =Экскаваторы!AS42 -> 0 | AO22: =Экскаваторы!AT42 -> 0 | AP22: =Экскаваторы!AU42 -> 0 | AQ22: =Экскаваторы!AV42 -> 0 | AR22: =SUM(AM22:AQ22) -> 0 | AS22: =Экскаваторы!AX42 -> 0 | AT22: =Экскаваторы!AY42 -> 0 | AU22: =SUM(AS22:AT22) -> 0 | AV22: =Экскаваторы!BA42 -> 0 | AW22: =AV22+AU22+AR22+AL22 -> 0 | AX22: =AW22+AC22 -> 0 | AY22: =AX22+W22 -> 0
A23: CAT-962H №24 | B23: =IF(Экскаваторы!AB43>0,1,0) -> 0 | E23: м3 | F23: =(Экскаваторы!J43+Экскаваторы!F43)*'Сводка внутр.'!$P$1 -> 0 | G23: =Экскаваторы!S43+Экскаваторы!T43 -> 0 | H23: =Экскаваторы!Q43 -> 0 | I23: =G23+H23 -> 0 | J23: =Экскаваторы!N43 -> 0 | K23: =Экскаваторы!O43 -> 0 | L23: =IF(K23=0,0,K23/J23) -> 0 | M23: =IF($B$29="зима",C64,E64) -> 32.142857 | N23: =IF(L23=0,0,(1-L23/M23)*100) -> 0 | P23: =Экскаваторы!V43 -> 0 | Q23: =Экскаваторы!W43 -> 0 | R23: =Экскаваторы!X43 -> 0 | T23: =Экскаваторы!Y43 -> 0 | U23: =Экскаваторы!Z43 -> 0 | V23: =SUM(P23:U23) -> 0 | W23: =V23+I23 -> 0 | X23: =Экскаваторы!AC43 -> 0 | Y23: =Экскаваторы!AD43 -> 0 | Z23: =Экскаваторы!AE43 -> 0 | AA23: =Экскаваторы!AF43 -> 0 | AB23: =Экскаваторы!AG43 -> 0 | AC23: =SUM(X23:AB23) -> 0 | AD23: =Экскаваторы!AI43 -> 0 | AE23: =Экскаваторы!AJ43 -> 0 | AF23: =Экскаваторы!AK43 -> 0 | AG23: =Экскаваторы!AL43 -> 0 | AH23: =Экскаваторы!AM43 -> 0 | AI23: =Экскаваторы!AN43 -> 0 | AJ23: =Экскаваторы!AO43 -> 0 | AK23: =Экскаваторы!AP43 -> 0 | AL23: =SUM(AD23:AK23) -> 0 | AM23: =Экскаваторы!AR43 -> 0 | AN23: =Экскаваторы!AS43 -> 0 | AO23: =Экскаваторы!AT43 -> 0 | AP23: =Экскаваторы!AU43 -> 0 | AQ23: =Экскаваторы!AV43 -> 0 | AR23: =SUM(AM23:AQ23) -> 0 | AS23: =Экскаваторы!AX43 -> 0 | AT23: =Экскаваторы!AY43 -> 0 | AU23: =SUM(AS23:AT23) -> 0 | AV23: =Экскаваторы!BA43 -> 0 | AW23: =AV23+AU23+AR23+AL23 -> 0 | AX23: =AW23+AC23 -> 0 | AY23: =AX23+W23 -> 0
A24: CAT-988Н №16 | B24: =IF(Экскаваторы!AB44>0,1,0) -> 0 | E24: м3 | F24: =(Экскаваторы!J44+Экскаваторы!F44)*'Сводка внутр.'!$P$1 -> 0 | G24: =Экскаваторы!S44+Экскаваторы!T44 -> 0 | H24: =Экскаваторы!Q44 -> 0 | I24: =G24+H24 -> 0 | J24: =Экскаваторы!N44 -> 0 | K24: =Экскаваторы!O44 -> 0 | L24: =IF(K24=0,0,K24/J24) -> 0 | M24: =IF($B$29="зима",C66,E66) -> 32.142857 | N24: =IF(L24=0,0,(1-L24/M24)*100) -> 0 | P24: =Экскаваторы!V44 -> 0 | Q24: =Экскаваторы!W44 -> 0 | R24: =Экскаваторы!X44 -> 0 | T24: =Экскаваторы!Y44 -> 0 | U24: =Экскаваторы!Z44 -> 0 | V24: =SUM(P24:U24) -> 0 | W24: =V24+I24 -> 0 | X24: =Экскаваторы!AC44 -> 0 | Y24: =Экскаваторы!AD44 -> 0 | Z24: =Экскаваторы!AE44 -> 0 | AA24: =Экскаваторы!AF44 -> 0 | AB24: =Экскаваторы!AG44 -> 0 | AC24: =SUM(X24:AB24) -> 0 | AD24: =Экскаваторы!AI44 -> 0 | AE24: =Экскаваторы!AJ44 -> 0 | AF24: =Экскаваторы!AK44 -> 0 | AG24: =Экскаваторы!AL44 -> 0 | AH24: =Экскаваторы!AM44 -> 0 | AI24: =Экскаваторы!AN44 -> 0 | AJ24: =Экскаваторы!AO44 -> 0 | AK24: =Экскаваторы!AP44 -> 0 | AL24: =SUM(AD24:AK24) -> 0 | AM24: =Экскаваторы!AR44 -> 0 | AN24: =Экскаваторы!AS44 -> 0 | AO24: =Экскаваторы!AT44 -> 0 | AP24: =Экскаваторы!AU44 -> 0 | AQ24: =Экскаваторы!AV44 -> 0 | AR24: =SUM(AM24:AQ24) -> 0 | AS24: =Экскаваторы!AX44 -> 0 | AT24: =Экскаваторы!AY44 -> 0 | AU24: =SUM(AS24:AT24) -> 0 | AV24: =Экскаваторы!BA44 -> 0 | AW24: =AV24+AU24+AR24+AL24 -> 0 | AX24: =AW24+AC24 -> 0 | AY24: =AX24+W24 -> 0
A25: Shantui SL60W №30 | B25: =IF(Экскаваторы!AB45>0,1,0) -> 0 | E25: м3 | F25: =(Экскаваторы!J45+Экскаваторы!F45)*'Сводка внутр.'!$P$1 -> 0 | G25: =Экскаваторы!S45+Экскаваторы!T45 -> 0 | H25: =Экскаваторы!Q45 -> 0 | I25: =G25+H25 -> 0 | J25: =Экскаваторы!N45 -> 0 | K25: =Экскаваторы!O45 -> 0 | L25: =IF(K25=0,0,K25/J25) -> 0 | M25: =IF($B$29="зима",C66,E66) -> 32.142857 | N25: =IF(L25=0,0,(1-L25/M25)*100) -> 0 | P25: =Экскаваторы!V45 -> 0 | Q25: =Экскаваторы!W45 -> 0 | R25: =Экскаваторы!X45 -> 0 | T25: =Экскаваторы!Y45 -> 0 | U25: =Экскаваторы!Z45 -> 0 | V25: =SUM(P25:U25) -> 0 | W25: =V25+I25 -> 0 | X25: =Экскаваторы!AC45 -> 0 | Y25: =Экскаваторы!AD45 -> 0 | Z25: =Экскаваторы!AE45 -> 0 | AA25: =Экскаваторы!AF45 -> 0 | AB25: =Экскаваторы!AG45 -> 0 | AC25: =SUM(X25:AB25) -> 0 | AD25: =Экскаваторы!AI45 -> 0 | AE25: =Экскаваторы!AJ45 -> 0 | AF25: =Экскаваторы!AK45 -> 0 | AG25: =Экскаваторы!AL45 -> 0 | AH25: =Экскаваторы!AM45 -> 0 | AI25: =Экскаваторы!AN45 -> 0 | AJ25: =Экскаваторы!AO45 -> 0 | AK25: =Экскаваторы!AP45 -> 0 | AL25: =SUM(AD25:AK25) -> 0 | AM25: =Экскаваторы!AR45 -> 0 | AN25: =Экскаваторы!AS45 -> 0 | AO25: =Экскаваторы!AT45 -> 0 | AP25: =Экскаваторы!AU45 -> 0 | AQ25: =Экскаваторы!AV45 -> 0 | AR25: =SUM(AM25:AQ25) -> 0 | AS25: =Экскаваторы!AX45 -> 0 | AT25: =Экскаваторы!AY45 -> 0 | AU25: =SUM(AS25:AT25) -> 0 | AV25: =Экскаваторы!BA45 -> 0 | AW25: =AV25+AU25+AR25+AL25 -> 0 | AX25: =AW25+AC25 -> 0 | AY25: =AX25+W25 -> 0
A26: CAT-988Н №31 | B26: =IF(Экскаваторы!AB46>0,1,0) -> 0 | E26: м3 | F26: =(Экскаваторы!J46+Экскаваторы!F46)*'Сводка внутр.'!$P$1 -> 0 | G26: =Экскаваторы!S46+Экскаваторы!T46 -> 0 | H26: =Экскаваторы!Q46 -> 0 | I26: =G26+H26 -> 0 | J26: =Экскаваторы!N46 -> 0 | K26: =Экскаваторы!O46 -> 0 | L26: =IF(K26=0,0,K26/J26) -> 0 | M26: =IF($B$29="зима",C67,E67) -> 32.142857 | N26: =IF(L26=0,0,(1-L26/M26)*100) -> 0 | P26: =Экскаваторы!V46 -> 0 | Q26: =Экскаваторы!W46 -> 0 | R26: =Экскаваторы!X46 -> 0 | T26: =Экскаваторы!Y46 -> 0 | U26: =Экскаваторы!Z46 -> 0 | V26: =SUM(P26:U26) -> 0 | W26: =V26+I26 -> 0 | X26: =Экскаваторы!AC46 -> 0 | Y26: =Экскаваторы!AD46 -> 0 | Z26: =Экскаваторы!AE46 -> 0 | AA26: =Экскаваторы!AF46 -> 0 | AB26: =Экскаваторы!AG46 -> 0 | AC26: =SUM(X26:AB26) -> 0 | AD26: =Экскаваторы!AI46 -> 0 | AE26: =Экскаваторы!AJ46 -> 0 | AF26: =Экскаваторы!AK46 -> 0 | AG26: =Экскаваторы!AL46 -> 0 | AH26: =Экскаваторы!AM46 -> 0 | AI26: =Экскаваторы!AN46 -> 0 | AJ26: =Экскаваторы!AO46 -> 0 | AK26: =Экскаваторы!AP46 -> 0 | AL26: =SUM(AD26:AK26) -> 0 | AM26: =Экскаваторы!AR46 -> 0 | AN26: =Экскаваторы!AS46 -> 0 | AO26: =Экскаваторы!AT46 -> 0 | AP26: =Экскаваторы!AU46 -> 0 | AQ26: =Экскаваторы!AV46 -> 0 | AR26: =SUM(AM26:AQ26) -> 0 | AS26: =Экскаваторы!AX46 -> 0 | AT26: =Экскаваторы!AY46 -> 0 | AU26: =SUM(AS26:AT26) -> 0 | AV26: =Экскаваторы!BA46 -> 0 | AW26: =AV26+AU26+AR26+AL26 -> 0 | AX26: =AW26+AC26 -> 0 | AY26: =AX26+W26 -> 0
A27: Shantui L58K-B5 №32 | B27: =IF(Экскаваторы!AB47>0,1,0) -> 0 | E27: м3 | F27: =(Экскаваторы!J47+Экскаваторы!F47)*'Сводка внутр.'!$P$1 -> 0 | G27: =Экскаваторы!S47+Экскаваторы!T47 -> 0 | H27: =Экскаваторы!Q47 -> 0 | I27: =G27+H27 -> 0 | J27: =Экскаваторы!N47 -> 0 | K27: =Экскаваторы!O47 -> 0 | L27: =IF(K27=0,0,K27/J27) -> 0 | M27: =IF($B$29="зима",C67,E67) -> 32.142857 | N27: =IF(L27=0,0,(1-L27/M27)*100) -> 0 | P27: =Экскаваторы!V47 -> 0 | Q27: =Экскаваторы!W47 -> 0 | R27: =Экскаваторы!X47 -> 0 | T27: =Экскаваторы!Y47 -> 0 | U27: =Экскаваторы!Z47 -> 0 | V27: =SUM(P27:U27) -> 0 | W27: =V27+I27 -> 0 | X27: =Экскаваторы!AC47 -> 0 | Y27: =Экскаваторы!AD47 -> 0 | Z27: =Экскаваторы!AE47 -> 0 | AA27: =Экскаваторы!AF47 -> 0 | AB27: =Экскаваторы!AG47 -> 0 | AC27: =SUM(X27:AB27) -> 0 | AD27: =Экскаваторы!AI47 -> 0 | AE27: =Экскаваторы!AJ47 -> 0 | AF27: =Экскаваторы!AK47 -> 0 | AG27: =Экскаваторы!AL47 -> 0 | AH27: =Экскаваторы!AM47 -> 0 | AI27: =Экскаваторы!AN47 -> 0 | AJ27: =Экскаваторы!AO47 -> 0 | AK27: =Экскаваторы!AP47 -> 0 | AL27: =SUM(AD27:AK27) -> 0 | AM27: =Экскаваторы!AR47 -> 0 | AN27: =Экскаваторы!AS47 -> 0 | AO27: =Экскаваторы!AT47 -> 0 | AP27: =Экскаваторы!AU47 -> 0 | AQ27: =Экскаваторы!AV47 -> 0 | AR27: =SUM(AM27:AQ27) -> 0 | AS27: =Экскаваторы!AX47 -> 0 | AT27: =Экскаваторы!AY47 -> 0 | AU27: =SUM(AS27:AT27) -> 0 | AV27: =Экскаваторы!BA47 -> 0 | AW27: =AV27+AU27+AR27+AL27 -> 0 | AX27: =AW27+AC27 -> 0 | AY27: =AX27+W27 -> 0
A29: сейчас | B29: зима
B30: зима | D30: лето
A31: нормы расхода на 2014г | B31: кг | C31: л | D31: кг | E31: л
A32: HITACHI EX-1200 № 22 (Обр) | B32: 72 | C32: =B32/0.84 -> 85.714286 | D32: 76 | E32: =D32/0.84 -> 90.47619
A33: HITACHI EX-1200 № 23 (Обр.) | B33: 72 | C33: =B33/0.84 -> 85.714286 | D33: 76 | E33: =D33/0.84 -> 90.47619
A34: HITACHI EX-1200 № 19 (Обр) | B34: 72 | C34: =B34/0.84 -> 85.714286 | D34: 76 | E34: =D34/0.84 -> 90.47619
A35: HITACHI ZX-470 № 24 (Обр) | B35: 22 | C35: =B35/0.84 -> 26.190476 | D35: 24 | E35: =D35/0.84 -> 28.571429
A36: HITACHI ZX-470 № 24 с гидромолотом | B36: 22 | C36: =B36/0.84 -> 26.190476 | D36: 24 | E36: =D36/0.84 -> 28.571429
A37: HITACHI EX-1200 №19 (Обр) с гидромолотом | B37: 72 | C37: =B37/0.84 -> 85.714286 | D37: 76 | E37: =D37/0.84 -> 90.47619
A38: БелАЗ-754701 №30 | B38: 180 | C38: =B38/0.84 -> 214.28571 | D38: 180 | E38: =D38/0.84 -> 214.28571
A39: БелАЗ-754701 №35 | B39: 180 | C39: =B39/0.84 -> 214.28571 | D39: 180 | E39: =D39/0.84 -> 214.28571
A40: Komatsu HD 465-7 №39 | B40: 350 | C40: =B40/0.84 -> 416.66667 | D40: 350 | E40: =D40/0.84 -> 416.66667
A41: Komatsu HD 465-7 №40 | B41: 350 | C41: =B41/0.84 -> 416.66667 | D41: 350 | E41: =D41/0.84 -> 416.66667
A42: Komatsu HD 465-7 №41 | B42: 350 | C42: =B42/0.84 -> 416.66667 | D42: 350 | E42: =D42/0.84 -> 416.66667
A43: Komatsu HD 465-7 №42 | B43: 350 | C43: =B43/0.84 -> 416.66667 | D43: 350 | E43: =D43/0.84 -> 416.66667
... A67: CAT-988G №7 | B67: 27 | C67: =B67/0.84 -> 32.142857 | D67: 29 | E67: =D67/0.84 -> 34.52381

Sheet рапорт по руде
C1: "Движение руды по складам
C2: Дата | J2: коды | K2: 15 | L2: 1 | M2: 2 | N2: 3 | O2: 4 | P2: 5 | Q2: 6 | R2: 7 | S2: 8 | T2: 9 | U2: 10 | V2: 11 | W2: 12 | X2: 13 | Y2: 14 | AE2: код | AF2: 1 | AG2: 2 | AH2: 3 | AN2: код | AO2: 1 | AP2: 2 | AQ2: 3 | AW2: код | AX2: 1 | AY2: 2 | AZ2: 3 | BF2: код | BG2: 1 | BH2: 2 | BI2: 3 | BO2: код | BP2: 1 | BQ2: 2 | BW2: код | BX2: 1 | BY2: 2 | CE2: код | CF2: 1 | CG2: 2
A4: Смена | B4: Карьер | C4: Выемка руды из карьера | F4: Содержание , г/т | H4: Металл,кг | J4: код мест разгрузки | K4: Вес руды из карьера разгруженной на местах разгрузки ,т | Z4: Вывозка с шихтовочной площадки №1 | AI4: Вывозка с шихтовочной площадки №2 | AR4: Вывозка с шихтовочной площадки №3 | BA4: Вывозка с шихтовочной площадки №4 | BJ4: Вывозка заб руды с заб отвала №1 | BR4: Вывозка заб руды с заб отвала №2 | BZ4: Вывозка с перегрузочного южного склада | CH4: 1
C5: № блока | D5: Сорт руды | E5: Руда, т (сух) | F5: СAu | G5: СAg | H5: Au | I5: Ag | K5: пирог | L5: Шихтовочная площадка | P5: склад негабар | Q5: Южный перегрузочный склад | R5: склад бедной первич.руды | T5: забалансовый отвал | U5: ЗИФ УВП | X5: ЗИФ КВ | Z5: Склад бедной первич.руды | AE5: код мест разгрузки | AF5: Место разгрузки | AI5: Склад бедной первич.руды | AN5: код мест разгрузки | AO5: Место разгрузки | AR5: Склад бедной первич.руды | AW5: код мест разгрузки | AX5: Место разгрузки | BA5: Склад бедной первич.руды | BF5: код мест разгрузки | BG5: Место разгрузки | BJ5: Склад бедной первич.руды | BO5: код мест разгрузки | BP5: Место разгрузки | BR5: Склад бедной первич.руды | BW5: код мест разгрузки | BX5: Место разгрузки | BZ5: Склад бедной первич.руды | CE5: код мест разгрузки | CF5: Место разгрузки
U6: ККД, тн | V6: Склад ЗИФ-УВП, тн | W6: МПСИ, тн | X6: Склад ЗИФ КВ, тн | Y6: Бункер ЗИФ КВ, тн | Z6: Руда, тн (вл.вес) | AA6: содержание, г/т | AC6: Металл,кг | AF6: ККД, тн | AG6: Склад ЗИФ-УВП, тн | AH6: МПСИ, тн | AI6: Руда, тн (вл.вес) | AJ6: содержание, г/т | AL6: Металл,кг | AO6: ККД, тн | AP6: Склад ЗИФ-УВП, тн | AQ6: МПСИ, тн | AR6: Руда, тн (вл.вес) | AS6: содержание, г/т | AU6: Металл,кг | AX6: ККД, тн | AY6: Склад ЗИФ-УВП, тн | AZ6: МПСИ, тн | BA6: Руда, тн (вл.вес) | BB6: содержание, г/т | BD6: Металл,кг | BG6: ККД, тн | BH6: Склад ЗИФ-УВП, тн | BI6: МПСИ, тн | BJ6: Руда, тн (вл.вес) | BK6: содержание, г/т | BM6: Металл,кг | BP6: Склад ЗИФ КВ, тн | BQ6: Бункер ЗИФ КВ, тн | BR6: Руда, тн (вл.вес) | BS6: содержание, г/т | BU6: Металл,кг | BX6: Склад ЗИФ КВ, тн | BY6: Бункер ЗИФ КВ, тн | BZ6: Руда, тн (вл.вес) | CA6: содержание, г/т | CC6: Металл,кг | CF6: Склад ЗИФ КВ, тн | CG6: Бункер ЗИФ КВ, тн
L7: 1 | M7: 2 | N7: 3 | O7: 4 | R7: просто склад | S7: пирог | AA7: СAu | AB7: СAg | AC7: Au | AD7: Ag | AJ7: СAu | AK7: СAg | AL7: Au | AM7: Ag | AS7: СAu | AT7: СAg | AU7: Au | AV7: Ag | BB7: СAu | BC7: СAg | BD7: Au | BE7: Ag | BK7: СAu | BL7: СAg | BM7: Au | BN7: Ag | BS7: СAu | BT7: СAg | BU7: Au | BV7: Ag | CA7: СAu | CB7: СAg | CC7: Au | CD7: Ag
A8: 1 | C8: =A8+1 -> 2 | D8: =C8+1 -> 3 | E8: =D8+1 -> 4 | F8: =E8+1 -> 5 | G8: =F8+1 -> 6 | H8: =G8+1 -> 7 | I8: =H8+1 -> 8 | J8: =I8+1 -> 9 | K8: =J8+1 -> 10 | ... P8: =O8+1 -> 15 | Q8: 16 | R8: =Q8+1 -> 17 | S8: 17 | T8: =S8+1 -> 18 | U8: 18 | V8: =U8+1 -> 19 | W8: 19 | X8: =W8+1 -> 20 | Y8: 20 | Z8: =Y8+1 -> 21 | AA8: =Z8+1 -> 22 | AB8: =AA8+1 -> 23 | AC8: =AB8+1 -> 24 | AD8: =AC8+1 -> 25 | AE8: =AD8+1 -> 26 | AF8: =AE8+1 -> 27 | AG8: =AF8+1 -> 28 | ... CG8: =CF8+1 -> 80
A9: 1 | B9: Воронцовский | D9: Добыча первичной руды | H9: =E9*F9/1000 -> 0 | I9: =E9*G9/1000 -> 0 | K9: =IF($J9=15,$E9,0) -> 0 | L9: =IF($J9=1,$E9,0) -> 0 | M9: =IF($J9=2,$E9,0) -> 0 | N9: =IF($J9=3,$E9,0) -> 0 | O9: =IF($J9=4,$E9,0) -> 0 | P9: =IF($J9=5,$E9,0) -> 0 | Q9: =IF($J9=6,$E9,0) -> 0 | R9: =IF($J9=7,$E9,0) -> 0 | S9: =IF($J9=8,$E9,0) -> 0 | T9: =IF($J9=9,$E9,0) -> 0 | U9: =IF($J9=10,$E9,0) -> 0 | V9: =IF($J9=11,$E9,0) -> 0 | W9: =IF($J9=12,$E9,0) -> 0 | X9: =IF($J9=13,$E9,0) -> 0 | Y9: =IF($J9=14,$E9,0) -> 0 | AC9: =Z9*0.97*AA9/1000 -> 0 | AD9: =Z9*0.97*AB9/1000 -> 0 | AF9: =IF($AE9=1,$Z9,0) -> 0 | AG9: =IF($AE9=2,$Z9,0) -> 0 | AH9: =IF($AE9=3,$Z9,0) -> 0 | AL9: =AI9*0.97*AJ9/1000 -> 0 | AM9: =AI9*0.97*AK9/1000 -> 0 | AO9: =IF($AN9=1,$AI9,0) -> 0 | AP9: =IF($AN9=2,$AI9,0) -> 0 | AQ9: =IF($AN9=3,$AI9,0) -> 0 | AU9: =AR9*0.97*AS9/1000 -> 0 | AV9: =AR9*0.97*AT9/1000 -> 0 | AX9: =IF($AW9=1,$AR9,0) -> 0 | AY9: =IF($AW9=2,$AR9,0) -> 0 | AZ9: =IF($AW9=3,$AR9,0) -> 0 | BD9: =BA9*0.97*BB9/1000 -> 0 | BE9: =BA9*0.97*BC9/1000 -> 0 | BG9: =IF($BF9=1,$BA9,0) -> 0 | BH9: =IF($BF9=2,$BA9,0) -> 0 | BI9: =IF($BF9=3,$BA9,0) -> 0 | BM9: =BJ9*0.84*BK9/1000 -> 0 | BN9: =BJ9*0.84*BL9/1000 -> 0 | BP9: =IF($BO9=1,$BJ9,0) -> 0 | BQ9: =IF($BO9=2,$BJ9,0) -> 0 | BU9: =BR9*0.84*BS9/1000 -> 0 | BV9: =BR9*0.84*BT9/1000 -> 0 | BX9: =IF($BW9=1,$BR9,0) -> 0 | BY9: =IF($BW9=2,$BR9,0) -> 0 | CC9: =BZ9*0.84*CA9/1000 -> 0 | CD9: =BZ9*0.84*CB9/1000 -> 0 | CF9: =IF($CE9=1,$BZ9,0) -> 0 | CG9: =IF($CE9=2,$BZ9,0) -> 0
D10: Добыча первичной руды | H10: =E10*F10/1000 -> 0 | I10: =E10*G10/1000 -> 0 | K10: =IF($J10=15,$E10,0) -> 0 | L10: =IF($J10=1,$E10,0) -> 0 | M10: =IF($J10=2,$E10,0) -> 0 | N10: =IF($J10=3,$E10,0) -> 0 | O10: =IF($J10=4,$E10,0) -> 0 | P10: =IF($J10=5,$E10,0) -> 0 | Q10: =IF($J10=6,$E10,0) -> 0 | R10: =IF($J10=7,$E10,0) -> 0 | S10: =IF($J10=8,$E10,0) -> 0 | T10: =IF($J10=9,$E10,0) -> 0 | U10: =IF($J10=10,$E10,0) -> 0 | V10: =IF($J10=11,$E10,0) -> 0 | W10: =IF($J10=12,$E10,0) -> 0 | X10: =IF($J10=13,$E10,0) -> 0 | Y10: =IF($J10=14,$E10,0) -> 0 | AC10: =Z10*0.97*AA10/1000 -> 0 | AD10: =Z10*0.97*AB10/1000 -> 0 | AF10: =IF($AE10=1,$Z10,0) -> 0 | AG10: =IF($AE10=2,$Z10,0) -> 0 | AH10: =IF($AE10=3,$Z10,0) -> 0 | AL10: =AI10*0.97*AJ10/1000 -> 0 | AM10: =AI10*0.97*AK10/1000 -> 0 | AO10: =IF($AN10=1,$AI10,0) -> 0 | AP10: =IF($AN10=2,$AI10,0) -> 0 | AQ10: =IF($AN10=3,$AI10,0) -> 0 | AU10: =AR10*0.97*AS10/1000 -> 0 | AV10: =AR10*0.97*AT10/1000 -> 0 | AX10: =IF($AW10=1,$AR10,0) -> 0 | AY10: =IF($AW10=2,$AR10,0) -> 0 | AZ10: =IF($AW10=3,$AR10,0) -> 0 | BD10: =BA10*0.97*BB10/1000 -> 0 | BE10: =BA10*0.97*BC10/1000 -> 0 | BG10: =IF($BF10=1,$BA10,0) -> 0 | BH10: =IF($BF10=2,$BA10,0) -> 0 | BI10: =IF($BF10=3,$BA10,0) -> 0 | BM10: =BJ10*0.84*BK10/1000 -> 0 | BN10: =BJ10*0.84*BL10/1000 -> 0 | BP10: =IF($BO10=1,$BJ10,0) -> 0 | BQ10: =IF($BO10=2,$BJ10,0) -> 0 | BU10: =BR10*0.84*BS10/1000 -> 0 | BV10: =BR10*0.84*BT10/1000 -> 0 | BX10: =IF($BW10=1,$BR10,0) -> 0 | BY10: =IF($BW10=2,$BR10,0) -> 0 | CC10: =BZ10*0.84*CA10/1000 -> 0 | CD10: =BZ10*0.84*CB10/1000 -> 0 | CF10: =IF($CE10=1,$BZ10,0) -> 0 | CG10: =IF($CE10=2,$BZ10,0) -> 0
D11: Добыча первичной руды | H11: =E11*F11/1000 -> 0 | I11: =E11*G11/1000 -> 0 | K11: =IF($J11=15,$E11,0) -> 0 | L11: =IF($J11=1,$E11,0) -> 0 | M11: =IF($J11=2,$E11,0) -> 0 | N11: =IF($J11=3,$E11,0) -> 0 | O11: =IF($J11=4,$E11,0) -> 0 | P11: =IF($J11=5,$E11,0) -> 0 | Q11: =IF($J11=6,$E11,0) -> 0 | R11: =IF($J11=7,$E11,0) -> 0 | S11: =IF($J11=8,$E11,0) -> 0 | T11: =IF($J11=9,$E11,0) -> 0 | U11: =IF($J11=10,$E11,0) -> 0 | V11: =IF($J11=11,$E11,0) -> 0 | W11: =IF($J11=12,$E11,0) -> 0 | X11: =IF($J11=13,$E11,0) -> 0 | Y11: =IF($J11=14,$E11,0) -> 0 | AC11: =Z11*0.97*AA11/1000 -> 0 | AD11: =Z11*0.97*AB11/1000 -> 0 | AF11: =IF($AE11=1,$Z11,0) -> 0 | AG11: =IF($AE11=2,$Z11,0) -> 0 | AH11: =IF($AE11=3,$Z11,0) -> 0 | AL11: =AI11*0.97*AJ11/1000 -> 0 | AM11: =AI11*0.97*AK11/1000 -> 0 | AO11: =IF($AN11=1,$AI11,0) -> 0 | AP11: =IF($AN11=2,$AI11,0) -> 0 | AQ11: =IF($AN11=3,$AI11,0) -> 0 | AU11: =AR11*0.97*AS11/1000 -> 0 | AV11: =AR11*0.97*AT11/1000 -> 0 | AX11: =IF($AW11=1,$AR11,0) -> 0 | AY11: =IF($AW11=2,$AR11,0) -> 0 | AZ11: =IF($AW11=3,$AR11,0) -> 0 | BD11: =BA11*0.97*BB11/1000 -> 0 | BE11: =BA11*0.97*BC11/1000 -> 0 | BG11: =IF($BF11=1,$BA11,0) -> 0 | BH11: =IF($BF11=2,$BA11,0) -> 0 | BI11: =IF($BF11=3,$BA11,0) -> 0 | BM11: =BJ11*0.84*BK11/1000 -> 0 | BN11: =BJ11*0.84*BL11/1000 -> 0 | BP11: =IF($BO11=1,$BJ11,0) -> 0 | BQ11: =IF($BO11=2,$BJ11,0) -> 0 | BU11: =BR11*0.84*BS11/1000 -> 0 | BV11: =BR11*0.84*BT11/1000 -> 0 | BX11: =IF($BW11=1,$BR11,0) -> 0 | BY11: =IF($BW11=2,$BR11,0) -> 0 | CC11: =BZ11*0.84*CA11/1000 -> 0 | CD11: =BZ11*0.84*CB11/1000 -> 0 | CF11: =IF($CE11=1,$BZ11,0) -> 0 | CG11: =IF($CE11=2,$BZ11,0) -> 0
B12: ЮВК | D12: Добыча первичной руды | H12: =E12*F12/1000 -> 0 | I12: =E12*G12/1000 -> 0 | K12: =IF($J102=15,$E102,0) -> 0 | L12: =IF($J12=1,$E12,0) -> 0 | M12: =IF($J12=2,$E12,0) -> 0 | N12: =IF($J12=3,$E12,0) -> 0 | O12: =IF($J12=4,$E12,0) -> 0 | P12: =IF($J12=5,$E12,0) -> 0 | Q12: =IF($J12=6,$E12,0) -> 0 | R12: =IF($J12=7,$E12,0) -> 0 | S12: =IF($J12=8,$E12,0) -> 0 | T12: =IF($J12=9,$E12,0) -> 0 | U12: =IF($J12=10,$E12,0) -> 0 | V12: =IF($J12=11,$E12,0) -> 0 | W12: =IF($J12=12,$E12,0) -> 0 | X12: =IF($J12=13,$E12,0) -> 0 | Y12: =IF($J12=14,$E12,0) -> 0 | AC12: =Z12*0.97*AA12/1000 -> 0 | AD12: =Z12*0.97*AB12/1000 -> 0 | AF12: =IF($AE12=1,$Z12,0) -> 0 | AG12: =IF($AE12=2,$Z12,0) -> 0 | AH12: =IF($AE12=3,$Z12,0) -> 0 | AL12: =AI12*0.97*AJ12/1000 -> 0 | AM12: =AI12*0.97*AK12/1000 -> 0 | AO12: =IF($AN12=1,$AI12,0) -> 0 | AP12: =IF($AN12=2,$AI12,0) -> 0 | AQ12: =IF($AN12=3,$AI12,0) -> 0 | AU12: =AR12*0.97*AS12/1000 -> 0 | AV12: =AR12*0.97*AT12/1000 -> 0 | AX12: =IF($AW12=1,$AR12,0) -> 0 | AY12: =IF($AW12=2,$AR12,0) -> 0 | AZ12: =IF($AW12=3,$AR12,0) -> 0 | BD12: =BA12*0.97*BB12/1000 -> 0 | BE12: =BA12*0.97*BC12/1000 -> 0 | BG12: =IF($BF12=1,$BA12,0) -> 0 | BH12: =IF($BF12=2,$BA12,0) -> 0 | BI12: =IF($BF12=3,$BA12,0) -> 0 | BM12: =BJ12*0.84*BK12/1000 -> 0 | BN12: =BJ12*0.84*BL12/1000 -> 0 | BP12: =IF($BO12=1,$BJ12,0) -> 0 | BQ12: =IF($BO12=2,$BJ12,0) -> 0 | BU12: =BR12*0.84*BS12/1000 -> 0 | BV12: =BR12*0.84*BT12/1000 -> 0 | BX12: =IF($BW12=1,$BR12,0) -> 0 | BY12: =IF($BW12=2,$BR12,0) -> 0 | CC12: =BZ12*0.84*CA12/1000 -> 0 | CD12: =BZ12*0.84*CB12/1000 -> 0 | CF12: =IF($CE12=1,$BZ12,0) -> 0 | CG12: =IF($CE12=2,$BZ12,0) -> 0
B13: Воронцовский | D13: Добыча окисленной руды | H13: =E13*F13/1000 -> 0 | I13: =E13*G13/1000 -> 0 | K13: =IF($J13=15,$E13,0) -> 0 | L13: =IF($J13=1,$E13,0) -> 0 | M13: =IF($J13=2,$E13,0) -> 0 | N13: =IF($J13=3,$E13,0) -> 0 | O13: =IF($J13=4,$E13,0) -> 0 | P13: =IF($J13=5,$E13,0) -> 0 | Q13: =IF($J13=6,$E13,0) -> 0 | R13: =IF($J13=7,$E13,0) -> 0 | S13: =IF($J13=8,$E13,0) -> 0 | T13: =IF($J13=9,$E13,0) -> 0 | U13: =IF($J13=10,$E13,0) -> 0 | V13: =IF($J13=11,$E13,0) -> 0 | W13: =IF($J13=12,$E13,0) -> 0 | X13: =IF($J13=13,$E13,0) -> 0 | Y13: =IF($J13=14,$E13,0) -> 0 | AC13: =Z13*0.97*AA13/1000 -> 0 | AD13: =Z13*0.97*AB13/1000 -> 0 | AF13: =IF($AE13=1,$Z13,0) -> 0 | AG13: =IF($AE13=2,$Z13,0) -> 0 | AH13: =IF($AE13=3,$Z13,0) -> 0 | AL13: =AI13*0.97*AJ13/1000 -> 0 | AM13: =AI13*0.97*AK13/1000 -> 0 | AO13: =IF($AN13=1,$AI13,0) -> 0 | AP13: =IF($AN13=2,$AI13,0) -> 0 | AQ13: =IF($AN13=3,$AI13,0) -> 0 | AU13: =AR13*0.97*AS13/1000 -> 0 | AV13: =AR13*0.97*AT13/1000 -> 0 | AX13: =IF($AW13=1,$AR13,0) -> 0 | AY13: =IF($AW13=2,$AR13,0) -> 0 | AZ13: =IF($AW13=3,$AR13,0) -> 0 | BD13: =BA13*0.97*BB13/1000 -> 0 | BE13: =BA13*0.97*BC13/1000 -> 0 | BG13: =IF($BF13=1,$BA13,0) -> 0 | BH13: =IF($BF13=2,$BA13,0) -> 0 | BI13: =IF($BF13=3,$BA13,0) -> 0 | BM13: =BJ13*0.84*BK13/1000 -> 0 | BN13: =BJ13*0.84*BL13/1000 -> 0 | BP13: =IF($BO13=1,$BJ13,0) -> 0 | BQ13: =IF($BO13=2,$BJ13,0) -> 0 | BU13: =BR13*0.84*BS13/1000 -> 0 | BV13: =BR13*0.84*BT13/1000 -> 0 | BX13: =IF($BW13=1,$BR13,0) -> 0 | BY13: =IF($BW13=2,$BR13,0) -> 0 | CC13: =BZ13*0.84*CA13/1000 -> 0 | CD13: =BZ13*0.84*CB13/1000 -> 0 | CF13: =IF($CE13=1,$BZ13,0) -> 0 | CG13: =IF($CE13=2,$BZ13,0) -> 0
B14: ЮВК | D14: Добыча окисленной руды | H14: =E14*F14/1000 -> 0 | I14: =E14*G14/1000 -> 0 | K14: =IF($J14=15,$E14,0) -> 0 | L14: =IF($J14=1,$E14,0) -> 0 | M14: =IF($J14=2,$E14,0) -> 0 | N14: =IF($J14=3,$E14,0) -> 0 | O14: =IF($J14=4,$E14,0) -> 0 | P14: =IF($J14=5,$E14,0) -> 0 | Q14: =IF($J14=6,$E14,0) -> 0 | R14: =IF($J14=7,$E14,0) -> 0 | S14: =IF($J14=8,$E14,0) -> 0 | T14: =IF($J14=9,$E14,0) -> 0 | U14: =IF($J14=10,$E14,0) -> 0 | V14: =IF($J14=11,$E14,0) -> 0 | W14: =IF($J14=12,$E14,0) -> 0 | X14: =IF($J14=13,$E14,0) -> 0 | Y14: =IF($J14=14,$E14,0) -> 0 | AC14: =Z14*0.97*AA14/1000 -> 0 | AD14: =Z14*0.97*AB14/1000 -> 0 | AF14: =IF($AE14=1,$Z14,0) -> 0 | AG14: =IF($AE14=2,$Z14,0) -> 0 | AH14: =IF($AE14=3,$Z14,0) -> 0 | AL14: =AI14*0.97*AJ14/1000 -> 0 | AM14: =AI14*0.97*AK14/1000 -> 0 | AO14: =IF($AN14=1,$AI14,0) -> 0 | AP14: =IF($AN14=2,$AI14,0) -> 0 | AQ14: =IF($AN14=3,$AI14,0) -> 0 | AU14: =AR14*0.97*AS14/1000 -> 0 | AV14: =AR14*0.97*AT14/1000 -> 0 | AX14: =IF($AW14=1,$AR14,0) -> 0 | AY14: =IF($AW14=2,$AR14,0) -> 0 | AZ14: =IF($AW14=3,$AR14,0) -> 0 | BD14: =BA14*0.97*BB14/1000 -> 0 | BE14: =BA14*0.97*BC14/1000 -> 0 | BG14: =IF($BF14=1,$BA14,0) -> 0 | BH14: =IF($BF14=2,$BA14,0) -> 0 | BI14: =IF($BF14=3,$BA14,0) -> 0 | BM14: =BJ14*0.84*BK14/1000 -> 0 | BN14: =BJ14*0.84*BL14/1000 -> 0 | BP14: =IF($BO14=1,$BJ14,0) -> 0 | BQ14: =IF($BO14=2,$BJ14,0) -> 0 | BU14: =BR14*0.84*BS14/1000 -> 0 | BV14: =BR14*0.84*BT14/1000 -> 0 | BX14: =IF($BW14=1,$BR14,0) -> 0 | BY14: =IF($BW14=2,$BR14,0) -> 0 | CC14: =BZ14*0.84*CA14/1000 -> 0 | CD14: =BZ14*0.84*CB14/1000 -> 0 | CF14: =IF($CE14=1,$BZ14,0) -> 0 | CG14: =IF($CE14=2,$BZ14,0) -> 0
D15: Добыча окисленной руды | H15: =E15*F15/1000 -> 0 | I15: =E15*G15/1000 -> 0 | K15: =IF($J15=15,$E15,0) -> 0 | L15: =IF($J15=1,$E15,0) -> 0 | M15: =IF($J15=2,$E15,0) -> 0 | N15: =IF($J15=3,$E15,0) -> 0 | O15: =IF($J15=4,$E15,0) -> 0 | P15: =IF($J15=5,$E15,0) -> 0 | Q15: =IF($J15=6,$E15,0) -> 0 | R15: =IF($J15=7,$E15,0) -> 0 | S15: =IF($J15=8,$E15,0) -> 0 | T15: =IF($J15=9,$E15,0) -> 0 | U15: =IF($J15=10,$E15,0) -> 0 | V15: =IF($J15=11,$E15,0) -> 0 | W15: =IF($J15=12,$E15,0) -> 0 | X15: =IF($J15=13,$E15,0) -> 0 | Y15: =IF($J15=14,$E15,0) -> 0 | AC15: =Z15*0.97*AA15/1000 -> 0 | AD15: =Z15*0.97*AB15/1000 -> 0 | AF15: =IF($AE15=1,$Z15,0) -> 0 | AG15: =IF($AE15=2,$Z15,0) -> 0 | AH15: =IF($AE15=3,$Z15,0) -> 0 | AL15: =AI15*0.97*AJ15/1000 -> 0 | AM15: =AI15*0.97*AK15/1000 -> 0 | AO15: =IF($AN15=1,$AI15,0) -> 0 | AP15: =IF($AN15=2,$AI15,0) -> 0 | AQ15: =IF($AN15=3,$AI15,0) -> 0 | AU15: =AR15*0.97*AS15/1000 -> 0 | AV15: =AR15*0.97*AT15/1000 -> 0 | AX15: =IF($AW15=1,$AR15,0) -> 0 | AY15: =IF($AW15=2,$AR15,0) -> 0 | AZ15: =IF($AW15=3,$AR15,0) -> 0 | BD15: =BA15*0.97*BB15/1000 -> 0 | BE15: =BA15*0.97*BC15/1000 -> 0 | BG15: =IF($BF15=1,$BA15,0) -> 0 | BH15: =IF($BF15=2,$BA15,0) -> 0 | BI15: =IF($BF15=3,$BA15,0) -> 0 | BM15: =BJ15*0.84*BK15/1000 -> 0 | BN15: =BJ15*0.84*BL15/1000 -> 0 | BP15: =IF($BO15=1,$BJ15,0) -> 0 | BQ15: =IF($BO15=2,$BJ15,0) -> 0 | BU15: =BR15*0.84*BS15/1000 -> 0 | BV15: =BR15*0.84*BT15/1000 -> 0 | BX15: =IF($BW15=1,$BR15,0) -> 0 | BY15: =IF($BW15=2,$BR15,0) -> 0 | CC15: =BZ15*0.84*CA15/1000 -> 0 | CD15: =BZ15*0.84*CB15/1000 -> 0 | CF15: =IF($CE15=1,$BZ15,0) -> 0 | CG15: =IF($CE15=2,$BZ15,0) -> 0
B16: Воронцовский | D16: Добыча окисл. забал. руды | H16: =E16*F16/1000 -> 0 | I16: =E16*G16/1000 -> 0 | K16: =IF($J16=15,$E16,0) -> 0 | L16: =IF($J16=1,$E16,0) -> 0 | M16: =IF($J16=2,$E16,0) -> 0 | N16: =IF($J16=3,$E16,0) -> 0 | O16: =IF($J16=4,$E16,0) -> 0 | P16: =IF($J16=5,$E16,0) -> 0 | Q16: =IF($J16=6,$E16,0) -> 0 | R16: =IF($J16=7,$E16,0) -> 0 | S16: =IF($J16=8,$E16,0) -> 0 | T16: =IF($J16=9,$E16,0) -> 0 | U16: =IF($J16=10,$E16,0) -> 0 | V16: =IF($J16=11,$E16,0) -> 0 | W16: =IF($J16=12,$E16,0) -> 0 | X16: =IF($J16=13,$E16,0) -> 0 | Y16: =IF($J16=14,$E16,0) -> 0 | AC16: =Z16*0.97*AA16/1000 -> 0 | AD16: =Z16*0.97*AB16/1000 -> 0 | AF16: =IF($AE16=1,$Z16,0) -> 0 | AG16: =IF($AE16=2,$Z16,0) -> 0 | AH16: =IF($AE16=3,$Z16,0) -> 0 | AL16: =AI16*0.97*AJ16/1000 -> 0 | AM16: =AI16*0.97*AK16/1000 -> 0 | AO16: =IF($AN16=1,$AI16,0) -> 0 | AP16: =IF($AN16=2,$AI16,0) -> 0 | AQ16: =IF($AN16=3,$AI16,0) -> 0 | AU16: =AR16*0.97*AS16/1000 -> 0 | AV16: =AR16*0.97*AT16/1000 -> 0 | AX16: =IF($AW16=1,$AR16,0) -> 0 | AY16: =IF($AW16=2,$AR16,0) -> 0 | AZ16: =IF($AW16=3,$AR16,0) -> 0 | BD16: =BA16*0.97*BB16/1000 -> 0 | BE16: =BA16*0.97*BC16/1000 -> 0 | BG16: =IF($BF16=1,$BA16,0) -> 0 | BH16: =IF($BF16=2,$BA16,0) -> 0 | BI16: =IF($BF16=3,$BA16,0) -> 0 | BM16: =BJ16*0.84*BK16/1000 -> 0 | BN16: =BJ16*0.84*BL16/1000 -> 0 | BP16: =IF($BO16=1,$BJ16,0) -> 0 | BQ16: =IF($BO16=2,$BJ16,0) -> 0 | BU16: =BR16*0.84*BS16/1000 -> 0 | BV16: =BR16*0.84*BT16/1000 -> 0 | BX16: =IF($BW16=1,$BR16,0) -> 0 | BY16: =IF($BW16=2,$BR16,0) -> 0 | CC16: =BZ16*0.84*CA16/1000 -> 0 | CD16: =BZ16*0.84*CB16/1000 -> 0 | CF16: =IF($CE16=1,$BZ16,0) -> 0 | CG16: =IF($CE16=2,$BZ16,0) -> 0
B17: ЮВК | D17: Добыча окисл. забал. руды | H17: =E17*F17/1000 -> 0 | I17: =E17*G17/1000 -> 0 | K17: =IF($J17=15,$E17,0) -> 0 | L17: =IF($J17=1,$E17,0) -> 0 | M17: =IF($J17=2,$E17,0) -> 0 | N17: =IF($J17=3,$E17,0) -> 0 | O17: =IF($J17=4,$E17,0) -> 0 | P17: =IF($J17=5,$E17,0) -> 0 | Q17: =IF($J17=6,$E17,0) -> 0 | R17: =IF($J17=7,$E17,0) -> 0 | S17: =IF($J17=8,$E17,0) -> 0 | T17: =IF($J17=9,$E17,0) -> 0 | U17: =IF($J17=10,$E17,0) -> 0 | V17: =IF($J17=11,$E17,0) -> 0 | W17: =IF($J17=12,$E17,0) -> 0 | X17: =IF($J17=13,$E17,0) -> 0 | Y17: =IF($J17=14,$E17,0) -> 0 | AC17: =Z17*0.97*AA17/1000 -> 0 | AD17: =Z17*0.97*AB17/1000 -> 0 | AF17: =IF($AE17=1,$Z17,0) -> 0 | AG17: =IF($AE17=2,$Z17,0) -> 0 | AH17: =IF($AE17=3,$Z17,0) -> 0 | AL17: =AI17*0.97*AJ17/1000 -> 0 | AM17: =AI17*0.97*AK17/1000 -> 0 | AO17: =IF($AN17=1,$AI17,0) -> 0 | AP17: =IF($AN17=2,$AI17,0) -> 0 | AQ17: =IF($AN17=3,$AI17,0) -> 0 | AU17: =AR17*0.97*AS17/1000 -> 0 | AV17: =AR17*0.97*AT17/1000 -> 0 | AX17: =IF($AW17=1,$AR17,0) -> 0 | AY17: =IF($AW17=2,$AR17,0) -> 0 | AZ17: =IF($AW17=3,$AR17,0) -> 0 | BD17: =BA17*0.97*BB17/1000 -> 0 | BE17: =BA17*0.97*BC17/1000 -> 0 | BG17: =IF($BF17=1,$BA17,0) -> 0 | BH17: =IF($BF17=2,$BA17,0) -> 0 | BI17: =IF($BF17=3,$BA17,0) -> 0 | BM17: =BJ17*0.84*BK17/1000 -> 0 | BN17: =BJ17*0.84*BL17/1000 -> 0 | BP17: =IF($BO17=1,$BJ17,0) -> 0 | BQ17: =IF($BO17=2,$BJ17,0) -> 0 | BU17: =BR17*0.84*BS17/1000 -> 0 | BV17: =BR17*0.84*BT17/1000 -> 0 | BX17: =IF($BW17=1,$BR17,0) -> 0 | BY17: =IF($BW17=2,$BR17,0) -> 0 | CC17: =BZ17*0.84*CA17/1000 -> 0 | CD17: =BZ17*0.84*CB17/1000 -> 0 | CF17: =IF($CE17=1,$BZ17,0) -> 0 | CG17: =IF($CE17=2,$BZ17,0) -> 0
D18: Добыча окисл. забал. руды | H18: =E18*F18/1000 -> 0 | I18: =E18*G18/1000 -> 0 | K18: =IF($J18=15,$E18,0) -> 0 | L18: =IF($J18=1,$E18,0) -> 0 | M18: =IF($J18=2,$E18,0) -> 0 | N18: =IF($J18=3,$E18,0) -> 0 | O18: =IF($J18=4,$E18,0) -> 0 | P18: =IF($J18=5,$E18,0) -> 0 | Q18: =IF($J18=6,$E18,0) -> 0 | R18: =IF($J18=7,$E18,0) -> 0 | S18: =IF($J18=8,$E18,0) -> 0 | T18: =IF($J18=9,$E18,0) -> 0 | U18: =IF($J18=10,$E18,0) -> 0 | V18: =IF($J18=11,$E18,0) -> 0 | W18: =IF($J18=12,$E18,0) -> 0 | X18: =IF($J18=13,$E18,0) -> 0 | Y18: =IF($J18=14,$E18,0) -> 0 | AC18: =Z18*0.97*AA18/1000 -> 0 | AD18: =Z18*0.97*AB18/1000 -> 0 | AF18: =IF($AE18=1,$Z18,0) -> 0 | AG18: =IF($AE18=2,$Z18,0) -> 0 | AH18: =IF($AE18=3,$Z18,0) -> 0 | AL18: =AI18*0.97*AJ18/1000 -> 0 | AM18: =AI18*0.97*AK18/1000 -> 0 | AO18: =IF($AN18=1,$AI18,0) -> 0 | AP18: =IF($AN18=2,$AI18,0) -> 0 | AQ18: =IF($AN18=3,$AI18,0) -> 0 | AU18: =AR18*0.97*AS18/1000 -> 0 | AV18: =AR18*0.97*AT18/1000 -> 0 | AX18: =IF($AW18=1,$AR18,0) -> 0 | AY18: =IF($AW18=2,$AR18,0) -> 0 | AZ18: =IF($AW18=3,$AR18,0) -> 0 | BD18: =BA18*0.97*BB18/1000 -> 0 | BE18: =BA18*0.97*BC18/1000 -> 0 | BG18: =IF($BF18=1,$BA18,0) -> 0 | BH18: =IF($BF18=2,$BA18,0) -> 0 | BI18: =IF($BF18=3,$BA18,0) -> 0 | BM18: =BJ18*0.84*BK18/1000 -> 0 | BN18: =BJ18*0.84*BL18/1000 -> 0 | BP18: =IF($BO18=1,$BJ18,0) -> 0 | BQ18: =IF($BO18=2,$BJ18,0) -> 0 | BU18: =BR18*0.84*BS18/1000 -> 0 | BV18: =BR18*0.84*BT18/1000 -> 0 | BX18: =IF($BW18=1,$BR18,0) -> 0 | BY18: =IF($BW18=2,$BR18,0) -> 0 | CC18: =BZ18*0.84*CA18/1000 -> 0 | CD18: =BZ18*0.84*CB18/1000 -> 0 | CF18: =IF($CE18=1,$BZ18,0) -> 0 | CG18: =IF($CE18=2,$BZ18,0) -> 0
B19: Воронцовский | D19: Добыча аргилизитов | H19: =E19*F19/1000 -> 0 | I19: =E19*G19/1000 -> 0 | K19: =IF($J19=15,$E19,0) -> 0 | L19: =IF($J19=1,$E19,0) -> 0 | M19: =IF($J19=2,$E19,0) -> 0 | N19: =IF($J19=3,$E19,0) -> 0 | O19: =IF($J19=4,$E19,0) -> 0 | P19: =IF($J19=5,$E19,0) -> 0 | Q19: =IF($J19=6,$E19,0) -> 0 | R19: =IF($J19=7,$E19,0) -> 0 | S19: =IF($J19=8,$E19,0) -> 0 | T19: =IF($J19=9,$E19,0) -> 0 | U19: =IF($J19=10,$E19,0) -> 0 | V19: =IF($J19=11,$E19,0) -> 0 | W19: =IF($J19=12,$E19,0) -> 0 | X19: =IF($J19=13,$E19,0) -> 0 | Y19: =IF($J19=14,$E19,0) -> 0 | AC19: =Z19*0.97*AA19/1000 -> 0 | AD19: =Z19*0.97*AB19/1000 -> 0 | AF19: =IF($AE19=1,$Z19,0) -> 0 | AG19: =IF($AE19=2,$Z19,0) -> 0 | AH19: =IF($AE19=3,$Z19,0) -> 0 | AL19: =AI19*0.97*AJ19/1000 -> 0 | AM19: =AI19*0.97*AK19/1000 -> 0 | AO19: =IF($AN19=1,$AI19,0) -> 0 | AP19: =IF($AN19=2,$AI19,0) -> 0 | AQ19: =IF($AN19=3,$AI19,0) -> 0 | AU19: =AR19*0.97*AS19/1000 -> 0 | AV19: =AR19*0.97*AT19/1000 -> 0 | AX19: =IF($AW19=1,$AR19,0) -> 0 | AY19: =IF($AW19=2,$AR19,0) -> 0 | AZ19: =IF($AW19=3,$AR19,0) -> 0 | BD19: =BA19*0.97*BB19/1000 -> 0 | BE19: =BA19*0.97*BC19/1000 -> 0 | BG19: =IF($BF19=1,$BA19,0) -> 0 | BH19: =IF($BF19=2,$BA19,0) -> 0 | BI19: =IF($BF19=3,$BA19,0) -> 0 | BM19: =BJ19*0.84*BK19/1000 -> 0 | BN19: =BJ19*0.84*BL19/1000 -> 0 | BP19: =IF($BO19=1,$BJ19,0) -> 0 | BQ19: =IF($BO19=2,$BJ19,0) -> 0 | BU19: =BR19*0.84*BS19/1000 -> 0 | BV19: =BR19*0.84*BT19/1000 -> 0 | BX19: =IF($BW19=1,$BR19,0) -> 0 | BY19: =IF($BW19=2,$BR19,0) -> 0 | CC19: =BZ19*0.84*CA19/1000 -> 0 | CD19: =BZ19*0.84*CB19/1000 -> 0 | CF19: =IF($CE19=1,$BZ19,0) -> 0 | CG19: =IF($CE19=2,$BZ19,0) -> 0
B20: ЮВК | D20: Добыча аргилизитов | H20: =E20*F20/1000 -> 0 | I20: =E20*G20/1000 -> 0 | K20: =IF($J20=15,$E20,0) -> 0 | L20: =IF($J20=1,$E20,0) -> 0 | M20: =IF($J20=2,$E20,0) -> 0 | N20: =IF($J20=3,$E20,0) -> 0 | O20: =IF($J20=4,$E20,0) -> 0 | P20: =IF($J20=5,$E20,0) -> 0 | Q20: =IF($J20=6,$E20,0) -> 0 | R20: =IF($J20=7,$E20,0) -> 0 | S20: =IF($J20=8,$E20,0) -> 0 | T20: =IF($J20=9,$E20,0) -> 0 | U20: =IF($J20=10,$E20,0) -> 0 | V20: =IF($J20=11,$E20,0) -> 0 | W20: =IF($J20=12,$E20,0) -> 0 | X20: =IF($J20=13,$E20,0) -> 0 | Y20: =IF($J20=14,$E20,0) -> 0 | AC20: =Z20*0.97*AA20/1000 -> 0 | AD20: =Z20*0.97*AB20/1000 -> 0 | AF20: =IF($AE20=1,$Z20,0) -> 0 | AG20: =IF($AE20=2,$Z20,0) -> 0 | AH20: =IF($AE20=3,$Z20,0) -> 0 | AL20: =AI20*0.97*AJ20/1000 -> 0 | AM20: =AI20*0.97*AK20/1000 -> 0 | AO20: =IF($AN20=1,$AI20,0) -> 0 | AP20: =IF($AN20=2,$AI20,0) -> 0 | AQ20: =IF($AN20=3,$AI20,0) -> 0 | AU20: =AR20*0.97*AS20/1000 -> 0 | AV20: =AR20*0.97*AT20/1000 -> 0 | AX20: =IF($AW20=1,$AR20,0) -> 0 | AY20: =IF($AW20=2,$AR20,0) -> 0 | AZ20: =IF($AW20=3,$AR20,0) -> 0 | BD20: =BA20*0.97*BB20/1000 -> 0 | BE20: =BA20*0.97*BC20/1000 -> 0 | BG20: =IF($BF20=1,$BA20,0) -> 0 | BH20: =IF($BF20=2,$BA20,0) -> 0 | BI20: =IF($BF20=3,$BA20,0) -> 0 | BM20: =BJ20*0.84*BK20/1000 -> 0 | BN20: =BJ20*0.84*BL20/1000 -> 0 | BP20: =IF($BO20=1,$BJ20,0) -> 0 | BQ20: =IF($BO20=2,$BJ20,0) -> 0 | BU20: =BR20*0.84*BS20/1000 -> 0 | BV20: =BR20*0.84*BT20/1000 -> 0 | BX20: =IF($BW20=1,$BR20,0) -> 0 | BY20: =IF($BW20=2,$BR20,0) -> 0 | CC20: =BZ20*0.84*CA20/1000 -> 0 | CD20: =BZ20*0.84*CB20/1000 -> 0 | CF20: =IF($CE20=1,$BZ20,0) -> 0 | CG20: =IF($CE20=2,$BZ20,0) -> 0
A21: итого 1 см | D21: Добыча первичной руды | E21: =SUM(E9:E12)*0.962*CH4 -> 0 | F21: =IF(E21=0,0,H21/E21*1000) -> 0 | G21: =IF(E21=0,0,I21/E21*1000) -> 0 | H21: =SUM(H9:H12)*0.962 -> 0 | I21: =SUM(I9:I12)*0.962 -> 0 | K21: =SUM(K9:K12) -> 0 | L21: =SUM(L9:L12) -> 0 | M21: =SUM(M9:M12) -> 0 | N21: =SUM(N9:N12) -> 0 | O21: =SUM(O9:O12) -> 0 | P21: =SUM(P9:P12) -> 0 | Q21: =SUM(Q9:Q12) -> 0 | R21: =SUM(R9:R12) -> 0 | ... Z21: =SUM(Z9:Z12) -> 0 | AA21: =IF(Z21=0,0,AC21/Z21*1000) -> 0 | AB21: =IF(Z21=0,0,AD21/Z21*1000) -> 0 | AC21: =SUM(AC9:AC12) -> 0 | AD21: =SUM(AD9:AD12) -> 0 | AF21: =SUM(AF9:AF12) -> 0 | AG21: =SUM(AG9:AG12) -> 0 | AH21: =SUM(AH9:AH12) -> 0 | AI21: =SUM(AI9:AI12) -> 0 | AJ21: =IF(AI21=0,0,AL21/AI21*1000) -> 0 | AK21: =IF(AI21=0,0,AM21/AI21*1000) -> 0 | AL21: =SUM(AL9:AL12) -> 0 | AM21: =SUM(AM9:AM12) -> 0 | AO21: =SUM(AO9:AO12) -> 0 | AP21: =SUM(AP9:AP12) -> 0 | AQ21: =SUM(AQ9:AQ12) -> 0 | AR21: =SUM(AR9:AR12) -> 0 | AS21: =IF(AR21=0,0,AU21/AR21*1000) -> 0 | AT21: =IF(AR21=0,0,AV21/AR21*1000) -> 0 | AU21: =SUM(AU9:AU12) -> 0 | AV21: =SUM(AV9:AV12) -> 0 | AX21: =SUM(AX9:AX12) -> 0 | AY21: =SUM(AY9:AY12) -> 0 | AZ21: =SUM(AZ9:AZ12) -> 0 | BA21: =SUM(BA9:BA12) -> 0 | BB21: =IF(BA21=0,0,BD21/BA21*1000) -> 0 | BC21: =IF(BA21=0,0,BE21/BA21*1000) -> 0 | BD21: =SUM(BD9:BD12) -> 0 | BE21: =SUM(BE9:BE12) -> 0 | BG21: =SUM(BG9:BG12) -> 0 | BH21: =SUM(BH9:BH12) -> 0 | BI21: =SUM(BI9:BI12) -> 0 | BJ21: =SUM(BJ9:BJ12) -> 0 | BK21: =IF(BJ21=0,0,BM21/BJ21*1000) -> 0 | BL21: =IF(BJ21=0,0,BN21/BJ21*1000) -> 0 | BM21: =SUM(BM9:BM12) -> 0 | BN21: =SUM(BN9:BN12) -> 0 | BP21: =SUM(BP9:BP12) -> 0 | BQ21: =SUM(BQ9:BQ12) -> 0 | BR21: =SUM(BR9:BR12) -> 0 | BS21: =IF(BR21=0,0,BU21/BR21*1000) -> 0 | BT21: =IF(BR21=0,0,BV21/BR21*1000) -> 0 | BU21: =SUM(BU9:BU12) -> 0 | BV21: =SUM(BV9:BV12) -> 0 | BX21: =SUM(BX9:BX12) -> 0 | BY21: =SUM(BY9:BY12) -> 0 | BZ21: =SUM(BZ9:BZ12) -> 0 | CA21: =IF(BZ21=0,0,CC21/BZ21*1000) -> 0 | CB21: =IF(BZ21=0,0,CD21/BZ21*1000) -> 0 | CC21: =SUM(CC9:CC12) -> 0 | CD21: =SUM(CD9:CD12) -> 0 | CF21: =SUM(CF9:CF12) -> 0 | CG21: =SUM(CG9:CG12) -> 0
D22: Добыча окисленной руды | E22: =SUM(E13:E15)*0.85*CH4 -> 0 | F22: =IF(E22=0,0,H22/E22*1000) -> 0 | G22: =IF(E22=0,0,I22/E22*1000) -> 0 | H22: =SUM(H13:H15)*0.85 -> 0 | I22: =SUM(I13:I15)*0.85 -> 0 | K22: =SUM(K13:K15) -> 0 | L22: =SUM(L13:L15) -> 0 | M22: =SUM(M13:M15) -> 0 | N22: =SUM(N13:N15) -> 0 | O22: =SUM(O13:O15) -> 0 | P22: =SUM(P13:P15) -> 0 | Q22: =SUM(Q13:Q15) -> 0 | R22: =SUM(R13:R15) -> 0 | ... Z22: =SUM(Z13:Z15) -> 0 | AA22: =IF(Z22=0,0,AC22/Z22*1000) -> 0 | AB22: =IF(Z22=0,0,AD22/Z22*1000) -> 0 | AC22: =SUM(AC13:AC15) -> 0 | AD22: =SUM(AD13:AD15) -> 0 | AF22: =SUM(AF13:AF15) -> 0 | AG22: =SUM(AG13:AG15) -> 0 | AH22: =SUM(AH13:AH15) -> 0 | AI22: =SUM(AI13:AI15) -> 0 | AJ22: =IF(AI22=0,0,AL22/AI22*1000) -> 0 | AK22: =IF(AI22=0,0,AM22/AI22*1000) -> 0 | AL22: =SUM(AL13:AL15) -> 0 | AM22: =SUM(AM13:AM15) -> 0 | AO22: =SUM(AO13:AO15) -> 0 | AP22: =SUM(AP13:AP15) -> 0 | AQ22: =SUM(AQ13:AQ15) -> 0 | AR22: =SUM(AR13:AR15) -> 0 | AS22: =IF(AR22=0,0,AU22/AR22*1000) -> 0 | AT22: =IF(AR22=0,0,AV22/AR22*1000) -> 0 | AU22: =SUM(AU13:AU15) -> 0 | AV22: =SUM(AV13:AV15) -> 0 | AX22: =SUM(AX13:AX15) -> 0 | AY22: =SUM(AY13:AY15) -> 0 | AZ22: =SUM(AZ13:AZ15) -> 0 | BA22: =SUM(BA13:BA15) -> 0 | BB22: =IF(BA22=0,0,BD22/BA22*1000) -> 0 | BC22: =IF(BA22=0,0,BE22/BA22*1000) -> 0 | BD22: =SUM(BD13:BD15) -> 0 | BE22: =SUM(BE13:BE15) -> 0 | BG22: =SUM(BG13:BG15) -> 0 | BH22: =SUM(BH13:BH15) -> 0 | BI22: =SUM(BI13:BI15) -> 0 | BJ22: =SUM(BJ13:BJ15) -> 0 | BK22: =IF(BJ22=0,0,BM22/BJ22*1000) -> 0 | BL22: =IF(BJ22=0,0,BN22/BJ22*1000) -> 0 | BM22: =SUM(BM13:BM15) -> 0 | BN22: =SUM(BN13:BN15) -> 0 | BP22: =SUM(BP13:BP15) -> 0 | BQ22: =SUM(BQ13:BQ15) -> 0 | BR22: =SUM(BR13:BR15) -> 0 | BS22: =IF(BR22=0,0,BU22/BR22*1000) -> 0 | BT22: =IF(BR22=0,0,BV22/BR22*1000) -> 0 | BU22: =SUM(BU13:BU15) -> 0 | BV22: =SUM(BV13:BV15) -> 0 | BX22: =SUM(BX13:BX15) -> 0 | BY22: =SUM(BY13:BY15) -> 0 | BZ22: =SUM(BZ13:BZ15) -> 0 | CA22: =IF(BZ22=0,0,CC22/BZ22*1000) -> 0 | CB22: =IF(BZ22=0,0,CD22/BZ22*1000) -> 0 | CC22: =SUM(CC13:CC15) -> 0 | CD22: =SUM(CD13:CD15) -> 0 | CF22: =SUM(CF13:CF15) -> 0 | CG22: =SUM(CG13:CG15) -> 0
D23: Добыча окисл. забал. руды | E23: =SUM(E16:E18)*0.85*CH4 -> 0 | F23: =IF(E23=0,0,H23/E23*1000) -> 0 | G23: =IF(E23=0,0,I23/E23*1000) -> 0 | H23: =SUM(H16:H18)*0.85 -> 0 | I23: =SUM(I16:I18)*0.85 -> 0 | K23: =SUM(K16:K18) -> 0 | L23: =SUM(L16:L18) -> 0 | M23: =SUM(M16:M18) -> 0 | N23: =SUM(N16:N18) -> 0 | O23: =SUM(O16:O18) -> 0 | P23: =SUM(P16:P18) -> 0 | Q23: =SUM(Q16:Q18) -> 0 | R23: =SUM(R16:R18) -> 0 | ... Z23: =SUM(Z16:Z18) -> 0 | AA23: =IF(Z23=0,0,AC23/Z23*1000) -> 0 | AB23: =IF(Z23=0,0,AD23/Z23*1000) -> 0 | AC23: =SUM(AC16:AC18) -> 0 | AD23: =SUM(AD16:AD18) -> 0 | AF23: =SUM(AF16:AF18) -> 0 | AG23: =SUM(AG16:AG18) -> 0 | AH23: =SUM(AH16:AH18) -> 0 | AI23: =SUM(AI16:AI18) -> 0 | AJ23: =IF(AI23=0,0,AL23/AI23*1000) -> 0 | AK23: =IF(AI23=0,0,AM23/AI23*1000) -> 0 | AL23: =SUM(AL16:AL18) -> 0 | AM23: =SUM(AM16:AM18) -> 0 | AO23: =SUM(AO16:AO18) -> 0 | AP23: =SUM(AP16:AP18) -> 0 | AQ23: =SUM(AQ16:AQ18) -> 0 | AR23: =SUM(AR16:AR18) -> 0 | AS23: =IF(AR23=0,0,AU23/AR23*1000) -> 0 | AT23: =IF(AR23=0,0,AV23/AR23*1000) -> 0 | AU23: =SUM(AU16:AU18) -> 0 | AV23: =SUM(AV16:AV18) -> 0 | AX23: =SUM(AX16:AX18) -> 0 | AY23: =SUM(AY16:AY18) -> 0 | AZ23: =SUM(AZ16:AZ18) -> 0 | BA23: =SUM(BA16:BA18) -> 0 | BB23: =IF(BA23=0,0,BD23/BA23*1000) -> 0 | BC23: =IF(BA23=0,0,BE23/BA23*1000) -> 0 | BD23: =SUM(BD16:BD18) -> 0 | BE23: =SUM(BE16:BE18) -> 0 | BG23: =SUM(BG16:BG18) -> 0 | BH23: =SUM(BH16:BH18) -> 0 | BI23: =SUM(BI16:BI18) -> 0 | BJ23: =SUM(BJ16:BJ18) -> 0 | BK23: =IF(BJ23=0,0,BM23/BJ23*1000) -> 0 | BL23: =IF(BJ23=0,0,BN23/BJ23*1000) -> 0 | BM23: =SUM(BM16:BM18) -> 0 | BN23: =SUM(BN16:BN18) -> 0 | BP23: =SUM(BP16:BP18) -> 0 | BQ23: =SUM(BQ16:BQ18) -> 0 | BR23: =SUM(BR16:BR18) -> 0 | BS23: =IF(BR23=0,0,BU23/BR23*1000) -> 0 | BT23: =IF(BR23=0,0,BV23/BR23*1000) -> 0 | BU23: =SUM(BU16:BU18) -> 0 | BV23: =SUM(BV16:BV18) -> 0 | BX23: =SUM(BX16:BX18) -> 0 | BY23: =SUM(BY16:BY18) -> 0 | BZ23: =SUM(BZ16:BZ18) -> 0 | CA23: =IF(BZ23=0,0,CC23/BZ23*1000) -> 0 | CB23: =IF(BZ23=0,0,CD23/BZ23*1000) -> 0 | CC23: =SUM(CC16:CC18) -> 0 | CD23: =SUM(CD16:CD18) -> 0 | CF23: =SUM(CF16:CF18) -> 0 | CG23: =SUM(CG16:CG18) -> 0
D24: Добыча аргилизитов | E24: =SUM(E19:E20)*0.92*CH4 -> 0 | F24: =IF(E24=0,0,H24/E24*1000) -> 0 | G24: =IF(E24=0,0,I24/E24*1000) -> 0 | H24: =SUM(H19:H20)*0.92 -> 0 | I24: =SUM(I19:I20)*0.92 -> 0 | K24: =SUM(K19:K20) -> 0 | L24: =SUM(L19:L20) -> 0 | M24: =SUM(M19:M20) -> 0 | N24: =SUM(N19:N20) -> 0 | O24: =SUM(O19:O20) -> 0 | P24: =SUM(P19:P20) -> 0 | Q24: =SUM(Q19:Q20) -> 0 | R24: =SUM(R19:R20) -> 0 | ... Z24: =SUM(Z19:Z20) -> 0 | AA24: =IF(Z24=0,0,AC24/Z24*1000) -> 0 | AB24: =IF(Z24=0,0,AD24/Z24*1000) -> 0 | AC24: =SUM(AC19:AC20) -> 0 | AD24: =SUM(AD19:AD20) -> 0 | AF24: =SUM(AF19:AF20) -> 0 | AG24: =SUM(AG19:AG20) -> 0 | AH24: =SUM(AH19:AH20) -> 0 | AI24: =SUM(AI19:AI20) -> 0 | AJ24: =IF(AI24=0,0,AL24/AI24*1000) -> 0 | AK24: =IF(AI24=0,0,AM24/AI24*1000) -> 0 | AL24: =SUM(AL19:AL20) -> 0 | AM24: =SUM(AM19:AM20) -> 0 | AO24: =SUM(AO19:AO20) -> 0 | AP24: =SUM(AP19:AP20) -> 0 | AQ24: =SUM(AQ19:AQ20) -> 0 | AR24: =SUM(AR19:AR20) -> 0 | AS24: =IF(AR24=0,0,AU24/AR24*1000) -> 0 | AT24: =IF(AR24=0,0,AV24/AR24*1000) -> 0 | AU24: =SUM(AU19:AU20) -> 0 | AV24: =SUM(AV19:AV20) -> 0 | AX24: =SUM(AX19:AX20) -> 0 | AY24: =SUM(AY19:AY20) -> 0 | AZ24: =SUM(AZ19:AZ20) -> 0 | BA24: =SUM(BA19:BA20) -> 0 | BB24: =IF(BA24=0,0,BD24/BA24*1000) -> 0 | BC24: =IF(BA24=0,0,BE24/BA24*1000) -> 0 | BD24: =SUM(BD19:BD20) -> 0 | BE24: =SUM(BE19:BE20) -> 0 | BG24: =SUM(BG19:BG20) -> 0 | BH24: =SUM(BH19:BH20) -> 0 | BI24: =SUM(BI19:BI20) -> 0 | BJ24: =SUM(BJ19:BJ20) -> 0 | BK24: =IF(BJ24=0,0,BM24/BJ24*1000) -> 0 | BL24: =IF(BJ24=0,0,BN24/BJ24*1000) -> 0 | BM24: =SUM(BM19:BM20) -> 0 | BN24: =SUM(BN19:BN20) -> 0 | BP24: =SUM(BP19:BP20) -> 0 | BQ24: =SUM(BQ19:BQ20) -> 0 | BR24: =SUM(BR19:BR20) -> 0 | BS24: =IF(BR24=0,0,BU24/BR24*1000) -> 0 | BT24: =IF(BR24=0,0,BV24/BR24*1000) -> 0 | BU24: =SUM(BU19:BU20) -> 0 | BV24: =SUM(BV19:BV20) -> 0 | BX24: =SUM(BX19:BX20) -> 0 | BY24: =SUM(BY19:BY20) -> 0 | BZ24: =SUM(BZ19:BZ20) -> 0 | CA24: =IF(BZ24=0,0,CC24/BZ24*1000) -> 0 | CB24: =IF(BZ24=0,0,CD24/BZ24*1000) -> 0 | CC24: =SUM(CC19:CC20) -> 0 | CD24: =SUM(CD19:CD20) -> 0 | CF24: =SUM(CF19:CF20) -> 0 | CG24: =SUM(CG19:CG20) -> 0
A25: 2 | B25: Воронцовский | D25: Добыча первичной руды | H25: =E25*F25/1000 -> 0 | I25: =E25*G25/1000 -> 0 | K25: =IF($J25=15,$E25,0) -> 0 | L25: =IF($J25=1,$E25,0) -> 0 | M25: =IF($J25=2,$E25,0) -> 0 | N25: =IF($J25=3,$E25,0) -> 0 | O25: =IF($J25=4,$E25,0) -> 0 | P25: =IF($J25=5,$E25,0) -> 0 | Q25: =IF($J25=6,$E25,0) -> 0 | R25: =IF($J25=7,$E25,0) -> 0 | S25: =IF($J25=8,$E25,0) -> 0 | T25: =IF($J25=9,$E25,0) -> 0 | U25: =IF($J25=10,$E25,0) -> 0 | V25: =IF($J25=11,$E25,0) -> 0 | W25: =IF($J25=12,$E25,0) -> 0 | X25: =IF($J25=13,$E25,0) -> 0 | Y25: =IF($J25=14,$E25,0) -> 0 | AC25: =Z25*0.97*AA25/1000 -> 0 | AD25: =Z25*0.97*AB25/1000 -> 0 | AF25: =IF($AE25=1,$Z25,0) -> 0 | AG25: =IF($AE25=2,$Z25,0) -> 0 | AH25: =IF($AE25=3,$Z25,0) -> 0 | AL25: =AI25*0.97*AJ25/1000 -> 0 | AM25: =AI25*0.97*AK25/1000 -> 0 | AO25: =IF($AN25=1,$AI25,0) -> 0 | AP25: =IF($AN25=2,$AI25,0) -> 0 | AQ25: =IF($AN25=3,$AI25,0) -> 0 | AU25: =AR25*0.97*AS25/1000 -> 0 | AV25: =AR25*0.97*AT25/1000 -> 0 | AX25: =IF($AW25=1,$AR25,0) -> 0 | AY25: =IF($AW25=2,$AR25,0) -> 0 | AZ25: =IF($AW25=3,$AR25,0) -> 0 | BD25: =BA25*0.97*BB25/1000 -> 0 | BE25: =BA25*0.97*BC25/1000 -> 0 | BG25: =IF($BF25=1,$BA25,0) -> 0 | BH25: =IF($BF25=2,$BA25,0) -> 0 | BI25: =IF($BF25=3,$BA25,0) -> 0 | BM25: =BJ25*0.84*BK25/1000 -> 0 | BN25: =BJ25*0.84*BL25/1000 -> 0 | BP25: =IF($BO25=1,$BJ25,0) -> 0 | BQ25: =IF($BO25=2,$BJ25,0) -> 0 | BU25: =BR25*0.84*BS25/1000 -> 0 | BV25: =BR25*0.84*BT25/1000 -> 0 | BX25: =IF($BW25=1,$BR25,0) -> 0 | BY25: =IF($BW25=2,$BR25,0) -> 0 | CC25: =BZ25*0.84*CA25/1000 -> 0 | CD25: =BZ25*0.84*CB25/1000 -> 0 | CF25: =IF($CE25=1,$BZ25,0) -> 0 | CG25: =IF($CE25=2,$BZ25,0) -> 0
D26: Добыча первичной руды | H26: =E26*F26/1000 -> 0 | I26: =E26*G26/1000 -> 0 | K26: =IF($J26=15,$E26,0) -> 0 | L26: =IF($J26=1,$E26,0) -> 0 | M26: =IF($J26=2,$E26,0) -> 0 | N26: =IF($J26=3,$E26,0) -> 0 | O26: =IF($J26=4,$E26,0) -> 0 | P26: =IF($J26=5,$E26,0) -> 0 | Q26: =IF($J26=6,$E26,0) -> 0 | R26: =IF($J26=7,$E26,0) -> 0 | S26: =IF($J26=8,$E26,0) -> 0 | T26: =IF($J26=9,$E26,0) -> 0 | U26: =IF($J26=10,$E26,0) -> 0 | V26: =IF($J26=11,$E26,0) -> 0 | W26: =IF($J26=12,$E26,0) -> 0 | X26: =IF($J26=13,$E26,0) -> 0 | Y26: =IF($J26=14,$E26,0) -> 0 | AC26: =Z26*0.97*AA26/1000 -> 0 | AD26: =Z26*0.97*AB26/1000 -> 0 | AF26: =IF($AE26=1,$Z26,0) -> 0 | AG26: =IF($AE26=2,$Z26,0) -> 0 | AH26: =IF($AE26=3,$Z26,0) -> 0 | AL26: =AI26*0.97*AJ26/1000 -> 0 | AM26: =AI26*0.97*AK26/1000 -> 0 | AO26: =IF($AN26=1,$AI26,0) -> 0 | AP26: =IF($AN26=2,$AI26,0) -> 0 | AQ26: =IF($AN26=3,$AI26,0) -> 0 | AU26: =AR26*0.97*AS26/1000 -> 0 | AV26: =AR26*0.97*AT26/1000 -> 0 | AX26: =IF($AW26=1,$AR26,0) -> 0 | AY26: =IF($AW26=2,$AR26,0) -> 0 | AZ26: =IF($AW26=3,$AR26,0) -> 0 | BD26: =BA26*0.97*BB26/1000 -> 0 | BE26: =BA26*0.97*BC26/1000 -> 0 | BG26: =IF($BF26=1,$BA26,0) -> 0 | BH26: =IF($BF26=2,$BA26,0) -> 0 | BI26: =IF($BF26=3,$BA26,0) -> 0 | BM26: =BJ26*0.84*BK26/1000 -> 0 | BN26: =BJ26*0.84*BL26/1000 -> 0 | BP26: =IF($BO26=1,$BJ26,0) -> 0 | BQ26: =IF($BO26=2,$BJ26,0) -> 0 | BU26: =BR26*0.84*BS26/1000 -> 0 | BV26: =BR26*0.84*BT26/1000 -> 0 | BX26: =IF($BW26=1,$BR26,0) -> 0 | BY26: =IF($BW26=2,$BR26,0) -> 0 | CC26: =BZ26*0.84*CA26/1000 -> 0 | CD26: =BZ26*0.84*CB26/1000 -> 0 | CF26: =IF($CE26=1,$BZ26,0) -> 0 | CG26: =IF($CE26=2,$BZ26,0) -> 0
D27: Добыча первичной руды | H27: =E27*F27/1000 -> 0 | I27: =E27*G27/1000 -> 0 | K27: =IF($J302=15,$E302,0) -> 0 | L27: =IF($J27=1,$E27,0) -> 0 | M27: =IF($J27=2,$E27,0) -> 0 | N27: =IF($J27=3,$E27,0) -> 0 | O27: =IF($J27=4,$E27,0) -> 0 | P27: =IF($J27=5,$E27,0) -> 0 | Q27: =IF($J27=6,$E27,0) -> 0 | R27: =IF($J27=7,$E27,0) -> 0 | S27: =IF($J27=8,$E27,0) -> 0 | T27: =IF($J27=9,$E27,0) -> 0 | U27: =IF($J27=10,$E27,0) -> 0 | V27: =IF($J27=11,$E27,0) -> 0 | W27: =IF($J27=12,$E27,0) -> 0 | X27: =IF($J27=13,$E27,0) -> 0 | Y27: =IF($J27=14,$E27,0) -> 0 | AC27: =Z27*0.97*AA27/1000 -> 0 | AD27: =Z27*0.97*AB27/1000 -> 0 | AF27: =IF($AE27=1,$Z27,0) -> 0 | AG27: =IF($AE27=2,$Z27,0) -> 0 | AH27: =IF($AE27=3,$Z27,0) -> 0 | AL27: =AI27*0.97*AJ27/1000 -> 0 | AM27: =AI27*0.97*AK27/1000 -> 0 | AO27: =IF($AN27=1,$AI27,0) -> 0 | AP27: =IF($AN27=2,$AI27,0) -> 0 | AQ27: =IF($AN27=3,$AI27,0) -> 0 | AU27: =AR27*0.97*AS27/1000 -> 0 | AV27: =AR27*0.97*AT27/1000 -> 0 | AX27: =IF($AW27=1,$AR27,0) -> 0 | AY27: =IF($AW27=2,$AR27,0) -> 0 | AZ27: =IF($AW27=3,$AR27,0) -> 0 | BD27: =BA27*0.97*BB27/1000 -> 0 | BE27: =BA27*0.97*BC27/1000 -> 0 | BG27: =IF($BF27=1,$BA27,0) -> 0 | BH27: =IF($BF27=2,$BA27,0) -> 0 | BI27: =IF($BF27=3,$BA27,0) -> 0 | BM27: =BJ27*0.84*BK27/1000 -> 0 | BN27: =BJ27*0.84*BL27/1000 -> 0 | BP27: =IF($BO27=1,$BJ27,0) -> 0 | BQ27: =IF($BO27=2,$BJ27,0) -> 0 | BU27: =BR27*0.84*BS27/1000 -> 0 | BV27: =BR27*0.84*BT27/1000 -> 0 | BX27: =IF($BW27=1,$BR27,0) -> 0 | BY27: =IF($BW27=2,$BR27,0) -> 0 | CC27: =BZ27*0.84*CA27/1000 -> 0 | CD27: =BZ27*0.84*CB27/1000 -> 0 | CF27: =IF($CE27=1,$BZ27,0) -> 0 | CG27: =IF($CE27=2,$BZ27,0) -> 0
B28: ЮВК | D28: Добыча первичной руды | H28: =E28*F28/1000 -> 0 | I28: =E28*G28/1000 -> 0 | K28: =IF($J28=15,$E28,0) -> 0 | L28: =IF($J28=1,$E28,0) -> 0 | M28: =IF($J28=2,$E28,0) -> 0 | N28: =IF($J28=3,$E28,0) -> 0 | O28: =IF($J28=4,$E28,0) -> 0 | P28: =IF($J28=5,$E28,0) -> 0 | Q28: =IF($J28=6,$E28,0) -> 0 | R28: =IF($J28=7,$E28,0) -> 0 | S28: =IF($J28=8,$E28,0) -> 0 | T28: =IF($J28=9,$E28,0) -> 0 | U28: =IF($J28=10,$E28,0) -> 0 | V28: =IF($J28=11,$E28,0) -> 0 | W28: =IF($J28=12,$E28,0) -> 0 | X28: =IF($J28=13,$E28,0) -> 0 | Y28: =IF($J28=14,$E28,0) -> 0 | AC28: =Z28*0.97*AA28/1000 -> 0 | AD28: =Z28*0.97*AB28/1000 -> 0 | AF28: =IF($AE28=1,$Z28,0) -> 0 | AG28: =IF($AE28=2,$Z28,0) -> 0 | AH28: =IF($AE28=3,$Z28,0) -> 0 | AL28: =AI28*0.97*AJ28/1000 -> 0 | AM28: =AI28*0.97*AK28/1000 -> 0 | AO28: =IF($AN28=1,$AI28,0) -> 0 | AP28: =IF($AN28=2,$AI28,0) -> 0 | AQ28: =IF($AN28=3,$AI28,0) -> 0 | AU28: =AR28*0.97*AS28/1000 -> 0 | AV28: =AR28*0.97*AT28/1000 -> 0 | AX28: =IF($AW28=1,$AR28,0) -> 0 | AY28: =IF($AW28=2,$AR28,0) -> 0 | AZ28: =IF($AW28=3,$AR28,0) -> 0 | BD28: =BA28*0.97*BB28/1000 -> 0 | BE28: =BA28*0.97*BC28/1000 -> 0 | BG28: =IF($BF28=1,$BA28,0) -> 0 | BH28: =IF($BF28=2,$BA28,0) -> 0 | BI28: =IF($BF28=3,$BA28,0) -> 0 | BM28: =BJ28*0.84*BK28/1000 -> 0 | BN28: =BJ28*0.84*BL28/1000 -> 0 | BP28: =IF($BO28=1,$BJ28,0) -> 0 | BQ28: =IF($BO28=2,$BJ28,0) -> 0 | BU28: =BR28*0.84*BS28/1000 -> 0 | BV28: =BR28*0.84*BT28/1000 -> 0 | BX28: =IF($BW28=1,$BR28,0) -> 0 | BY28: =IF($BW28=2,$BR28,0) -> 0 | CC28: =BZ28*0.84*CA28/1000 -> 0 | CD28: =BZ28*0.84*CB28/1000 -> 0 | CF28: =IF($CE28=1,$BZ28,0) -> 0 | CG28: =IF($CE28=2,$BZ28,0) -> 0
B29: Воронцовский | D29: Добыча окисленной руды | H29: =E29*F29/1000 -> 0 | I29: =E29*G29/1000 -> 0 | K29: =IF($J29=15,$E29,0) -> 0 | L29: =IF($J29=1,$E29,0) -> 0 | M29: =IF($J29=2,$E29,0) -> 0 | N29: =IF($J29=3,$E29,0) -> 0 | O29: =IF($J29=4,$E29,0) -> 0 | P29: =IF($J29=5,$E29,0) -> 0 | Q29: =IF($J29=6,$E29,0) -> 0 | R29: =IF($J29=7,$E29,0) -> 0 | S29: =IF($J29=8,$E29,0) -> 0 | T29: =IF($J29=9,$E29,0) -> 0 | U29: =IF($J29=10,$E29,0) -> 0 | V29: =IF($J29=11,$E29,0) -> 0 | W29: =IF($J29=12,$E29,0) -> 0 | X29: =IF($J29=13,$E29,0) -> 0 | Y29: =IF($J29=14,$E29,0) -> 0 | AC29: =Z29*0.97*AA29/1000 -> 0 | AD29: =Z29*0.97*AB29/1000 -> 0 | AF29: =IF($AE29=1,$Z29,0) -> 0 | AG29: =IF($AE29=2,$Z29,0) -> 0 | AH29: =IF($AE29=3,$Z29,0) -> 0 | AL29: =AI29*0.97*AJ29/1000 -> 0 | AM29: =AI29*0.97*AK29/1000 -> 0 | AO29: =IF($AN29=1,$AI29,0) -> 0 | AP29: =IF($AN29=2,$AI29,0) -> 0 | AQ29: =IF($AN29=3,$AI29,0) -> 0 | AU29: =AR29*0.97*AS29/1000 -> 0 | AV29: =AR29*0.97*AT29/1000 -> 0 | AX29: =IF($AW29=1,$AR29,0) -> 0 | AY29: =IF($AW29=2,$AR29,0) -> 0 | AZ29: =IF($AW29=3,$AR29,0) -> 0 | BD29: =BA29*0.97*BB29/1000 -> 0 | BE29: =BA29*0.97*BC29/1000 -> 0 | BG29: =IF($BF29=1,$BA29,0) -> 0 | BH29: =IF($BF29=2,$BA29,0) -> 0 | BI29: =IF($BF29=3,$BA29,0) -> 0 | BM29: =BJ29*0.84*BK29/1000 -> 0 | BN29: =BJ29*0.84*BL29/1000 -> 0 | BP29: =IF($BO29=1,$BJ29,0) -> 0 | BQ29: =IF($BO29=2,$BJ29,0) -> 0 | BU29: =BR29*0.84*BS29/1000 -> 0 | BV29: =BR29*0.84*BT29/1000 -> 0 | BX29: =IF($BW29=1,$BR29,0) -> 0 | BY29: =IF($BW29=2,$BR29,0) -> 0 | CC29: =BZ29*0.84*CA29/1000 -> 0 | CD29: =BZ29*0.84*CB29/1000 -> 0 | CF29: =IF($CE29=1,$BZ29,0) -> 0 | CG29: =IF($CE29=2,$BZ29,0) -> 0
B30: ЮВК | D30: Добыча окисленной руды | H30: =E30*F30/1000 -> 0 | I30: =E30*G30/1000 -> 0 | K30: =IF($J30=15,$E30,0) -> 0 | L30: =IF($J30=1,$E30,0) -> 0 | M30: =IF($J30=2,$E30,0) -> 0 | N30: =IF($J30=3,$E30,0) -> 0 | O30: =IF($J30=4,$E30,0) -> 0 | P30: =IF($J30=5,$E30,0) -> 0 | Q30: =IF($J30=6,$E30,0) -> 0 | R30: =IF($J30=7,$E30,0) -> 0 | S30: =IF($J30=8,$E30,0) -> 0 | T30: =IF($J30=9,$E30,0) -> 0 | U30: =IF($J30=10,$E30,0) -> 0 | V30: =IF($J30=11,$E30,0) -> 0 | W30: =IF($J30=12,$E30,0) -> 0 | X30: =IF($J30=13,$E30,0) -> 0 | Y30: =IF($J30=14,$E30,0) -> 0 | AC30: =Z30*0.97*AA30/1000 -> 0 | AD30: =Z30*0.97*AB30/1000 -> 0 | AF30: =IF($AE30=1,$Z30,0) -> 0 | AG30: =IF($AE30=2,$Z30,0) -> 0 | AH30: =IF($AE30=3,$Z30,0) -> 0 | AL30: =AI30*0.97*AJ30/1000 -> 0 | AM30: =AI30*0.97*AK30/1000 -> 0 | AO30: =IF($AN30=1,$AI30,0) -> 0 | AP30: =IF($AN30=2,$AI30,0) -> 0 | AQ30: =IF($AN30=3,$AI30,0) -> 0 | AU30: =AR30*0.97*AS30/1000 -> 0 | AV30: =AR30*0.97*AT30/1000 -> 0 | AX30: =IF($AW30=1,$AR30,0) -> 0 | AY30: =IF($AW30=2,$AR30,0) -> 0 | AZ30: =IF($AW30=3,$AR30,0) -> 0 | BD30: =BA30*0.97*BB30/1000 -> 0 | BE30: =BA30*0.97*BC30/1000 -> 0 | BG30: =IF($BF30=1,$BA30,0) -> 0 | BH30: =IF($BF30=2,$BA30,0) -> 0 | BI30: =IF($BF30=3,$BA30,0) -> 0 | BM30: =BJ30*0.84*BK30/1000 -> 0 | BN30: =BJ30*0.84*BL30/1000 -> 0 | BP30: =IF($BO30=1,$BJ30,0) -> 0 | BQ30: =IF($BO30=2,$BJ30,0) -> 0 | BU30: =BR30*0.84*BS30/1000 -> 0 | BV30: =BR30*0.84*BT30/1000 -> 0 | BX30: =IF($BW30=1,$BR30,0) -> 0 | BY30: =IF($BW30=2,$BR30,0) -> 0 | CC30: =BZ30*0.84*CA30/1000 -> 0 | CD30: =BZ30*0.84*CB30/1000 -> 0 | CF30: =IF($CE30=1,$BZ30,0) -> 0 | CG30: =IF($CE30=2,$BZ30,0) -> 0
D31: Добыча окисленной руды | H31: =E31*F31/1000 -> 0 | I31: =E31*G31/1000 -> 0 | K31: =IF($J31=15,$E31,0) -> 0 | L31: =IF($J31=1,$E31,0) -> 0 | M31: =IF($J31=2,$E31,0) -> 0 | N31: =IF($J31=3,$E31,0) -> 0 | O31: =IF($J31=4,$E31,0) -> 0 | P31: =IF($J31=5,$E31,0) -> 0 | Q31: =IF($J31=6,$E31,0) -> 0 | R31: =IF($J31=7,$E31,0) -> 0 | S31: =IF($J31=8,$E31,0) -> 0 | T31: =IF($J31=9,$E31,0) -> 0 | U31: =IF($J31=10,$E31,0) -> 0 | V31: =IF($J31=11,$E31,0) -> 0 | W31: =IF($J31=12,$E31,0) -> 0 | X31: =IF($J31=13,$E31,0) -> 0 | Y31: =IF($J31=14,$E31,0) -> 0 | AC31: =Z31*0.97*AA31/1000 -> 0 | AD31: =Z31*0.97*AB31/1000 -> 0 | AF31: =IF($AE31=1,$Z31,0) -> 0 | AG31: =IF($AE31=2,$Z31,0) -> 0 | AH31: =IF($AE31=3,$Z31,0) -> 0 | AL31: =AI31*0.97*AJ31/1000 -> 0 | AM31: =AI31*0.97*AK31/1000 -> 0 | AO31: =IF($AN31=1,$AI31,0) -> 0 | AP31: =IF($AN31=2,$AI31,0) -> 0 | AQ31: =IF($AN31=3,$AI31,0) -> 0 | AU31: =AR31*0.97*AS31/1000 -> 0 | AV31: =AR31*0.97*AT31/1000 -> 0 | AX31: =IF($AW31=1,$AR31,0) -> 0 | AY31: =IF($AW31=2,$AR31,0) -> 0 | AZ31: =IF($AW31=3,$AR31,0) -> 0 | BD31: =BA31*0.97*BB31/1000 -> 0 | BE31: =BA31*0.97*BC31/1000 -> 0 | BG31: =IF($BF31=1,$BA31,0) -> 0 | BH31: =IF($BF31=2,$BA31,0) -> 0 | BI31: =IF($BF31=3,$BA31,0) -> 0 | BM31: =BJ31*0.84*BK31/1000 -> 0 | BN31: =BJ31*0.84*BL31/1000 -> 0 | BP31: =IF($BO31=1,$BJ31,0) -> 0 | BQ31: =IF($BO31=2,$BJ31,0) -> 0 | BU31: =BR31*0.84*BS31/1000 -> 0 | BV31: =BR31*0.84*BT31/1000 -> 0 | BX31: =IF($BW31=1,$BR31,0) -> 0 | BY31: =IF($BW31=2,$BR31,0) -> 0 | CC31: =BZ31*0.84*CA31/1000 -> 0 | CD31: =BZ31*0.84*CB31/1000 -> 0 | CF31: =IF($CE31=1,$BZ31,0) -> 0 | CG31: =IF($CE31=2,$BZ31,0) -> 0
B32: Воронцовский | D32: Добыча окисл. забал. руды | H32: =E32*F32/1000 -> 0 | I32: =E32*G32/1000 -> 0 | K32: =IF($J32=15,$E32,0) -> 0 | L32: =IF($J32=1,$E32,0) -> 0 | M32: =IF($J32=2,$E32,0) -> 0 | N32: =IF($J32=3,$E32,0) -> 0 | O32: =IF($J32=4,$E32,0) -> 0 | P32: =IF($J32=5,$E32,0) -> 0 | Q32: =IF($J32=6,$E32,0) -> 0 | R32: =IF($J32=7,$E32,0) -> 0 | S32: =IF($J32=8,$E32,0) -> 0 | T32: =IF($J32=9,$E32,0) -> 0 | U32: =IF($J32=10,$E32,0) -> 0 | V32: =IF($J32=11,$E32,0) -> 0 | W32: =IF($J32=12,$E32,0) -> 0 | X32: =IF($J32=13,$E32,0) -> 0 | Y32: =IF($J32=14,$E32,0) -> 0 | AC32: =Z32*0.97*AA32/1000 -> 0 | AD32: =Z32*0.97*AB32/1000 -> 0 | AF32: =IF($AE32=1,$Z32,0) -> 0 | AG32: =IF($AE32=2,$Z32,0) -> 0 | AH32: =IF($AE32=3,$Z32,0) -> 0 | AL32: =AI32*0.97*AJ32/1000 -> 0 | AM32: =AI32*0.97*AK32/1000 -> 0 | AO32: =IF($AN32=1,$AI32,0) -> 0 | AP32: =IF($AN32=2,$AI32,0) -> 0 | AQ32: =IF($AN32=3,$AI32,0) -> 0 | AU32: =AR32*0.97*AS32/1000 -> 0 | AV32: =AR32*0.97*AT32/1000 -> 0 | AX32: =IF($AW32=1,$AR32,0) -> 0 | AY32: =IF($AW32=2,$AR32,0) -> 0 | AZ32: =IF($AW32=3,$AR32,0) -> 0 | BD32: =BA32*0.97*BB32/1000 -> 0 | BE32: =BA32*0.97*BC32/1000 -> 0 | BG32: =IF($BF32=1,$BA32,0) -> 0 | BH32: =IF($BF32=2,$BA32,0) -> 0 | BI32: =IF($BF32=3,$BA32,0) -> 0 | BM32: =BJ32*0.84*BK32/1000 -> 0 | BN32: =BJ32*0.84*BL32/1000 -> 0 | BP32: =IF($BO32=1,$BJ32,0) -> 0 | BQ32: =IF($BO32=2,$BJ32,0) -> 0 | BU32: =BR32*0.84*BS32/1000 -> 0 | BV32: =BR32*0.84*BT32/1000 -> 0 | BX32: =IF($BW32=1,$BR32,0) -> 0 | BY32: =IF($BW32=2,$BR32,0) -> 0 | CC32: =BZ32*0.84*CA32/1000 -> 0 | CD32: =BZ32*0.84*CB32/1000 -> 0 | CF32: =IF($CE32=1,$BZ32,0) -> 0 | CG32: =IF($CE32=2,$BZ32,0) -> 0
B33: ЮВК | D33: Добыча окисл. забал. руды | H33: =E33*F33/1000 -> 0 | I33: =E33*G33/1000 -> 0 | K33: =IF($J33=15,$E33,0) -> 0 | L33: =IF($J33=1,$E33,0) -> 0 | M33: =IF($J33=2,$E33,0) -> 0 | N33: =IF($J33=3,$E33,0) -> 0 | O33: =IF($J33=4,$E33,0) -> 0 | P33: =IF($J33=5,$E33,0) -> 0 | Q33: =IF($J33=6,$E33,0) -> 0 | R33: =IF($J33=7,$E33,0) -> 0 | S33: =IF($J33=8,$E33,0) -> 0 | T33: =IF($J33=9,$E33,0) -> 0 | U33: =IF($J33=10,$E33,0) -> 0 | V33: =IF($J33=11,$E33,0) -> 0 | W33: =IF($J33=12,$E33,0) -> 0 | X33: =IF($J33=13,$E33,0) -> 0 | Y33: =IF($J33=14,$E33,0) -> 0 | AC33: =Z33*0.97*AA33/1000 -> 0 | AD33: =Z33*0.97*AB33/1000 -> 0 | AF33: =IF($AE33=1,$Z33,0) -> 0 | AG33: =IF($AE33=2,$Z33,0) -> 0 | AH33: =IF($AE33=3,$Z33,0) -> 0 | AL33: =AI33*0.97*AJ33/1000 -> 0 | AM33: =AI33*0.97*AK33/1000 -> 0 | AO33: =IF($AN33=1,$AI33,0) -> 0 | AP33: =IF($AN33=2,$AI33,0) -> 0 | AQ33: =IF($AN33=3,$AI33,0) -> 0 | AU33: =AR33*0.97*AS33/1000 -> 0 | AV33: =AR33*0.97*AT33/1000 -> 0 | AX33: =IF($AW33=1,$AR33,0) -> 0 | AY33: =IF($AW33=2,$AR33,0) -> 0 | AZ33: =IF($AW33=3,$AR33,0) -> 0 | BD33: =BA33*0.97*BB33/1000 -> 0 | BE33: =BA33*0.97*BC33/1000 -> 0 | BG33: =IF($BF33=1,$BA33,0) -> 0 | BH33: =IF($BF33=2,$BA33,0) -> 0 | BI33: =IF($BF33=3,$BA33,0) -> 0 | BM33: =BJ33*0.84*BK33/1000 -> 0 | BN33: =BJ33*0.84*BL33/1000 -> 0 | BP33: =IF($BO33=1,$BJ33,0) -> 0 | BQ33: =IF($BO33=2,$BJ33,0) -> 0 | BU33: =BR33*0.84*BS33/1000 -> 0 | BV33: =BR33*0.84*BT33/1000 -> 0 | BX33: =IF($BW33=1,$BR33,0) -> 0 | BY33: =IF($BW33=2,$BR33,0) -> 0 | CC33: =BZ33*0.84*CA33/1000 -> 0 | CD33: =BZ33*0.84*CB33/1000 -> 0 | CF33: =IF($CE33=1,$BZ33,0) -> 0 | CG33: =IF($CE33=2,$BZ33,0) -> 0
D34: Добыча окисл. забал. руды | H34: =E34*F34/1000 -> 0 | I34: =E34*G34/1000 -> 0 | K34: =IF($J34=15,$E34,0) -> 0 | L34: =IF($J34=1,$E34,0) -> 0 | M34: =IF($J34=2,$E34,0) -> 0 | N34: =IF($J34=3,$E34,0) -> 0 | O34: =IF($J34=4,$E34,0) -> 0 | P34: =IF($J34=5,$E34,0) -> 0 | Q34: =IF($J34=6,$E34,0) -> 0 | R34: =IF($J34=7,$E34,0) -> 0 | S34: =IF($J34=8,$E34,0) -> 0 | T34: =IF($J34=9,$E34,0) -> 0 | U34: =IF($J34=10,$E34,0) -> 0 | V34: =IF($J34=11,$E34,0) -> 0 | W34: =IF($J34=12,$E34,0) -> 0 | X34: =IF($J34=13,$E34,0) -> 0 | Y34: =IF($J34=14,$E34,0) -> 0 | AC34: =Z34*0.97*AA34/1000 -> 0 | AD34: =Z34*0.97*AB34/1000 -> 0 | AF34: =IF($AE34=1,$Z34,0) -> 0 | AG34: =IF($AE34=2,$Z34,0) -> 0 | AH34: =IF($AE34=3,$Z34,0) -> 0 | AL34: =AI34*0.97*AJ34/1000 -> 0 | AM34: =AI34*0.97*AK34/1000 -> 0 | AO34: =IF($AN34=1,$AI34,0) -> 0 | AP34: =IF($AN34=2,$AI34,0) -> 0 | AQ34: =IF($AN34=3,$AI34,0) -> 0 | AU34: =AR34*0.97*AS34/1000 -> 0 | AV34: =AR34*0.97*AT34/1000 -> 0 | AX34: =IF($AW34=1,$AR34,0) -> 0 | AY34: =IF($AW34=2,$AR34,0) -> 0 | AZ34: =IF($AW34=3,$AR34,0) -> 0 | BD34: =BA34*0.97*BB34/1000 -> 0 | BE34: =BA34*0.97*BC34/1000 -> 0 | BG34: =IF($BF34=1,$BA34,0) -> 0 | BH34: =IF($BF34=2,$BA34,0) -> 0 | BI34: =IF($BF34=3,$BA34,0) -> 0 | BM34: =BJ34*0.84*BK34/1000 -> 0 | BN34: =BJ34*0.84*BL34/1000 -> 0 | BP34: =IF($BO34=1,$BJ34,0) -> 0 | BQ34: =IF($BO34=2,$BJ34,0) -> 0 | BU34: =BR34*0.84*BS34/1000 -> 0 | BV34: =BR34*0.84*BT34/1000 -> 0 | BX34: =IF($BW34=1,$BR34,0) -> 0 | BY34: =IF($BW34=2,$BR34,0) -> 0 | CC34: =BZ34*0.84*CA34/1000 -> 0 | CD34: =BZ34*0.84*CB34/1000 -> 0 | CF34: =IF($CE34=1,$BZ34,0) -> 0 | CG34: =IF($CE34=2,$BZ34,0) -> 0
B35: Воронцовский | D35: Добыча аргилизитов | H35: =E35*F35/1000 -> 0 | I35: =E35*G35/1000 -> 0 | K35: =IF($J35=15,$E35,0) -> 0 | L35: =IF($J35=1,$E35,0) -> 0 | M35: =IF($J35=2,$E35,0) -> 0 | N35: =IF($J35=3,$E35,0) -> 0 | O35: =IF($J35=4,$E35,0) -> 0 | P35: =IF($J35=5,$E35,0) -> 0 | Q35: =IF($J35=6,$E35,0) -> 0 | R35: =IF($J35=7,$E35,0) -> 0 | S35: =IF($J35=8,$E35,0) -> 0 | T35: =IF($J35=9,$E35,0) -> 0 | U35: =IF($J35=10,$E35,0) -> 0 | V35: =IF($J35=11,$E35,0) -> 0 | W35: =IF($J35=12,$E35,0) -> 0 | X35: =IF($J35=13,$E35,0) -> 0 | Y35: =IF($J35=14,$E35,0) -> 0 | AC35: =Z35*0.97*AA35/1000 -> 0 | AD35: =Z35*0.97*AB35/1000 -> 0 | AF35: =IF($AE35=1,$Z35,0) -> 0 | AG35: =IF($AE35=2,$Z35,0) -> 0 | AH35: =IF($AE35=3,$Z35,0) -> 0 | AL35: =AI35*0.97*AJ35/1000 -> 0 | AM35: =AI35*0.97*AK35/1000 -> 0 | AO35: =IF($AN35=1,$AI35,0) -> 0 | AP35: =IF($AN35=2,$AI35,0) -> 0 | AQ35: =IF($AN35=3,$AI35,0) -> 0 | AU35: =AR35*0.97*AS35/1000 -> 0 | AV35: =AR35*0.97*AT35/1000 -> 0 | AX35: =IF($AW35=1,$AR35,0) -> 0 | AY35: =IF($AW35=2,$AR35,0) -> 0 | AZ35: =IF($AW35=3,$AR35,0) -> 0 | BD35: =BA35*0.97*BB35/1000 -> 0 | BE35: =BA35*0.97*BC35/1000 -> 0 | BG35: =IF($BF35=1,$BA35,0) -> 0 | BH35: =IF($BF35=2,$BA35,0) -> 0 | BI35: =IF($BF35=3,$BA35,0) -> 0 | BM35: =BJ35*0.84*BK35/1000 -> 0 | BN35: =BJ35*0.84*BL35/1000 -> 0 | BP35: =IF($BO35=1,$BJ35,0) -> 0 | BQ35: =IF($BO35=2,$BJ35,0) -> 0 | BU35: =BR35*0.84*BS35/1000 -> 0 | BV35: =BR35*0.84*BT35/1000 -> 0 | BX35: =IF($BW35=1,$BR35,0) -> 0 | BY35: =IF($BW35=2,$BR35,0) -> 0 | CC35: =BZ35*0.84*CA35/1000 -> 0 | CD35: =BZ35*0.84*CB35/1000 -> 0 | CF35: =IF($CE35=1,$BZ35,0) -> 0 | CG35: =IF($CE35=2,$BZ35,0) -> 0
B36: ЮВК | D36: Добыча аргилизитов | H36: =E36*F36/1000 -> 0 | I36: =E36*G36/1000 -> 0 | K36: =IF($J402=15,$E402,0) -> 0 | L36: =IF($J36=1,$E36,0) -> 0 | M36: =IF($J36=2,$E36,0) -> 0 | N36: =IF($J36=3,$E36,0) -> 0 | O36: =IF($J36=4,$E36,0) -> 0 | P36: =IF($J36=5,$E36,0) -> 0 | Q36: =IF($J36=6,$E36,0) -> 0 | R36: =IF($J36=7,$E36,0) -> 0 | S36: =IF($J36=8,$E36,0) -> 0 | T36: =IF($J36=9,$E36,0) -> 0 | U36: =IF($J36=10,$E36,0) -> 0 | V36: =IF($J36=11,$E36,0) -> 0 | W36: =IF($J36=12,$E36,0) -> 0 | X36: =IF($J36=13,$E36,0) -> 0 | Y36: =IF($J36=14,$E36,0) -> 0 | AC36: =Z36*0.97*AA36/1000 -> 0 | AD36: =Z36*0.97*AB36/1000 -> 0 | AF36: =IF($AE36=1,$Z36,0) -> 0 | AG36: =IF($AE36=2,$Z36,0) -> 0 | AH36: =IF($AE36=3,$Z36,0) -> 0 | AL36: =AI36*0.97*AJ36/1000 -> 0 | AM36: =AI36*0.97*AK36/1000 -> 0 | AO36: =IF($AN36=1,$AI36,0) -> 0 | AP36: =IF($AN36=2,$AI36,0) -> 0 | AQ36: =IF($AN36=3,$AI36,0) -> 0 | AU36: =AR36*0.97*AS36/1000 -> 0 | AV36: =AR36*0.97*AT36/1000 -> 0 | AX36: =IF($AW36=1,$AR36,0) -> 0 | AY36: =IF($AW36=2,$AR36,0) -> 0 | AZ36: =IF($AW36=3,$AR36,0) -> 0 | BD36: =BA36*0.97*BB36/1000 -> 0 | BE36: =BA36*0.97*BC36/1000 -> 0 | BG36: =IF($BF36=1,$BA36,0) -> 0 | BH36: =IF($BF36=2,$BA36,0) -> 0 | BI36: =IF($BF36=3,$BA36,0) -> 0 | BM36: =BJ36*0.84*BK36/1000 -> 0 | BN36: =BJ36*0.84*BL36/1000 -> 0 | BP36: =IF($BO36=1,$BJ36,0) -> 0 | BQ36: =IF($BO36=2,$BJ36,0) -> 0 | BU36: =BR36*0.84*BS36/1000 -> 0 | BV36: =BR36*0.84*BT36/1000 -> 0 | BX36: =IF($BW36=1,$BR36,0) -> 0 | BY36: =IF($BW36=2,$BR36,0) -> 0 | CC36: =BZ36*0.84*CA36/1000 -> 0 | CD36: =BZ36*0.84*CB36/1000 -> 0 | CF36: =IF($CE36=1,$BZ36,0) -> 0 | CG36: =IF($CE36=2,$BZ36,0) -> 0
A37: итого 2 см | D37: Добыча первичной руды | E37: =SUM(E25:E28)*0.962*CH4 -> 0 | F37: =IF(E37=0,0,H37/E37*1000) -> 0 | G37: =IF(E37=0,0,I37/E37*1000) -> 0 | H37: =SUM(H25:H28)*0.962 -> 0 | I37: =SUM(I25:I28)*0.962 -> 0 | K37: =SUM(K25:K28) -> 0 | L37: =SUM(L25:L28) -> 0 | M37: =SUM(M25:M28) -> 0 | N37: =SUM(N25:N28) -> 0 | O37: =SUM(O25:O28) -> 0 | P37: =SUM(P25:P28) -> 0 | Q37: =SUM(Q25:Q28) -> 0 | R37: =SUM(R25:R28) -> 0 | ... Z37: =SUM(Z25:Z28) -> 0 | AA37: =IF(Z37=0,0,AC37/Z37*1000) -> 0 | AB37: =IF(Z37=0,0,AD37/Z37*1000) -> 0 | AC37: =SUM(AC25:AC28) -> 0 | AD37: =SUM(AD25:AD28) -> 0 | AF37: =SUM(AF25:AF28) -> 0 | AG37: =SUM(AG25:AG28) -> 0 | AH37: =SUM(AH25:AH28) -> 0 | AI37: =SUM(AI25:AI28) -> 0 | AJ37: =IF(AI37=0,0,AL37/AI37*1000) -> 0 | AK37: =IF(AI37=0,0,AM37/AI37*1000) -> 0 | AL37: =SUM(AL25:AL28) -> 0 | AM37: =SUM(AM25:AM28) -> 0 | AO37: =SUM(AO25:AO28) -> 0 | AP37: =SUM(AP25:AP28) -> 0 | AQ37: =SUM(AQ25:AQ28) -> 0 | AR37: =SUM(AR25:AR28) -> 0 | AS37: =IF(AR37=0,0,AU37/AR37*1000) -> 0 | AT37: =IF(AR37=0,0,AV37/AR37*1000) -> 0 | AU37: =SUM(AU25:AU28) -> 0 | AV37: =SUM(AV25:AV28) -> 0 | AX37: =SUM(AX25:AX28) -> 0 | AY37: =SUM(AY25:AY28) -> 0 | AZ37: =SUM(AZ25:AZ28) -> 0 | BA37: =SUM(BA25:BA28) -> 0 | BB37: =IF(BA37=0,0,BD37/BA37*1000) -> 0 | BC37: =IF(BA37=0,0,BE37/BA37*1000) -> 0 | BD37: =SUM(BD25:BD28) -> 0 | BE37: =SUM(BE25:BE28) -> 0 | BG37: =SUM(BG25:BG28) -> 0 | BH37: =SUM(BH25:BH28) -> 0 | BI37: =SUM(BI25:BI28) -> 0 | BJ37: =SUM(BJ25:BJ28) -> 0 | BK37: =IF(BJ37=0,0,BM37/BJ37*1000) -> 0 | BL37: =IF(BJ37=0,0,BN37/BJ37*1000) -> 0 | BM37: =SUM(BM25:BM28) -> 0 | BN37: =SUM(BN25:BN28) -> 0 | BP37: =SUM(BP25:BP28) -> 0 | BQ37: =SUM(BQ25:BQ28) -> 0 | BR37: =SUM(BR25:BR28) -> 0 | BS37: =IF(BR37=0,0,BU37/BR37*1000) -> 0 | BT37: =IF(BR37=0,0,BV37/BR37*1000) -> 0 | BU37: =SUM(BU25:BU28) -> 0 | BV37: =SUM(BV25:BV28) -> 0 | BX37: =SUM(BX25:BX28) -> 0 | BY37: =SUM(BY25:BY28) -> 0 | BZ37: =SUM(BZ25:BZ28) -> 0 | CA37: =IF(BZ37=0,0,CC37/BZ37*1000) -> 0 | CB37: =IF(BZ37=0,0,CD37/BZ37*1000) -> 0 | CC37: =SUM(CC25:CC28) -> 0 | CD37: =SUM(CD25:CD28) -> 0 | CF37: =SUM(CF25:CF28) -> 0 | CG37: =SUM(CG25:CG28) -> 0
D38: Добыча окисленной руды | E38: =SUM(E29:E31)*0.85*CH4 -> 0 | F38: =IF(E38=0,0,H38/E38*1000) -> 0 | G38: =IF(E38=0,0,I38/E38*1000) -> 0 | H38: =SUM(H29:H31)*0.85 -> 0 | I38: =SUM(I29:I31)*0.85 -> 0 | K38: =SUM(K29:K31) -> 0 | L38: =SUM(L29:L31) -> 0 | M38: =SUM(M29:M31) -> 0 | N38: =SUM(N29:N31) -> 0 | O38: =SUM(O29:O31) -> 0 | P38: =SUM(P29:P31) -> 0 | Q38: =SUM(Q29:Q31) -> 0 | R38: =SUM(R29:R31) -> 0 | ... Z38: =SUM(Z29:Z31) -> 0 | AA38: =IF(Z38=0,0,AC38/Z38*1000) -> 0 | AB38: =IF(Z38=0,0,AD38/Z38*1000) -> 0 | AC38: =SUM(AC29:AC31) -> 0 | AD38: =SUM(AD29:AD31) -> 0 | AF38: =SUM(AF29:AF31) -> 0 | AG38: =SUM(AG29:AG31) -> 0 | AH38: =SUM(AH29:AH31) -> 0 | AI38: =SUM(AI29:AI31) -> 0 | AJ38: =IF(AI38=0,0,AL38/AI38*1000) -> 0 | AK38: =IF(AI38=0,0,AM38/AI38*1000) -> 0 | AL38: =SUM(AL29:AL31) -> 0 | AM38: =SUM(AM29:AM31) -> 0 | AO38: =SUM(AO29:AO31) -> 0 | AP38: =SUM(AP29:AP31) -> 0 | AQ38: =SUM(AQ29:AQ31) -> 0 | AR38: =SUM(AR29:AR31) -> 0 | AS38: =IF(AR38=0,0,AU38/AR38*1000) -> 0 | AT38: =IF(AR38=0,0,AV38/AR38*1000) -> 0 | AU38: =SUM(AU29:AU31) -> 0 | AV38: =SUM(AV29:AV31) -> 0 | AX38: =SUM(AX29:AX31) -> 0 | AY38: =SUM(AY29:AY31) -> 0 | AZ38: =SUM(AZ29:AZ31) -> 0 | BA38: =SUM(BA29:BA31) -> 0 | BB38: =IF(BA38=0,0,BD38/BA38*1000) -> 0 | BC38: =IF(BA38=0,0,BE38/BA38*1000) -> 0 | BD38: =SUM(BD29:BD31) -> 0 | BE38: =SUM(BE29:BE31) -> 0 | BG38: =SUM(BG29:BG31) -> 0 | BH38: =SUM(BH29:BH31) -> 0 | BI38: =SUM(BI29:BI31) -> 0 | BJ38: =SUM(BJ29:BJ31) -> 0 | BK38: =IF(BJ38=0,0,BM38/BJ38*1000) -> 0 | BL38: =IF(BJ38=0,0,BN38/BJ38*1000) -> 0 | BM38: =SUM(BM29:BM31) -> 0 | BN38: =SUM(BN29:BN31) -> 0 | BP38: =SUM(BP29:BP31) -> 0 | BQ38: =SUM(BQ29:BQ31) -> 0 | BR38: =SUM(BR29:BR31) -> 0 | BS38: =IF(BR38=0,0,BU38/BR38*1000) -> 0 | BT38: =IF(BR38=0,0,BV38/BR38*1000) -> 0 | BU38: =SUM(BU29:BU31) -> 0 | BV38: =SUM(BV29:BV31) -> 0 | BX38: =SUM(BX29:BX31) -> 0 | BY38: =SUM(BY29:BY31) -> 0 | BZ38: =SUM(BZ29:BZ31) -> 0 | CA38: =IF(BZ38=0,0,CC38/BZ38*1000) -> 0 | CB38: =IF(BZ38=0,0,CD38/BZ38*1000) -> 0 | CC38: =SUM(CC29:CC31) -> 0 | CD38: =SUM(CD29:CD31) -> 0 | CF38: =SUM(CF29:CF31) -> 0 | CG38: =SUM(CG29:CG31) -> 0
D39: Добыча окисл. забал. руды | E39: =SUM(E32:E34)*0.85*CH4 -> 0 | F39: =IF(E39=0,0,H39/E39*1000) -> 0 | G39: =IF(E39=0,0,I39/E39*1000) -> 0 | H39: =SUM(H32:H34)*0.85 -> 0 | I39: =SUM(I32:I34)*0.85 -> 0 | K39: =SUM(K32:K34) -> 0 | L39: =SUM(L32:L34) -> 0 | M39: =SUM(M32:M34) -> 0 | N39: =SUM(N32:N34) -> 0 | O39: =SUM(O32:O34) -> 0 | P39: =SUM(P32:P34) -> 0 | Q39: =SUM(Q32:Q34) -> 0 | R39: =SUM(R32:R34) -> 0 | ... Z39: =SUM(Z32:Z34) -> 0 | AA39: =IF(Z39=0,0,AC39/Z39*1000) -> 0 | AB39: =IF(Z39=0,0,AD39/Z39*1000) -> 0 | AC39: =SUM(AC32:AC34) -> 0 | AD39: =SUM(AD32:AD34) -> 0 | AF39: =SUM(AF32:AF34) -> 0 | AG39: =SUM(AG32:AG34) -> 0 | AH39: =SUM(AH32:AH34) -> 0 | AI39: =SUM(AI32:AI34) -> 0 | AJ39: =IF(AI39=0,0,AL39/AI39*1000) -> 0 | AK39: =IF(AI39=0,0,AM39/AI39*1000) -> 0 | AL39: =SUM(AL32:AL34) -> 0 | AM39: =SUM(AM32:AM34) -> 0 | AO39: =SUM(AO32:AO34) -> 0 | AP39: =SUM(AP32:AP34) -> 0 | AQ39: =SUM(AQ32:AQ34) -> 0 | AR39: =SUM(AR32:AR34) -> 0 | AS39: =IF(AR39=0,0,AU39/AR39*1000) -> 0 | AT39: =IF(AR39=0,0,AV39/AR39*1000) -> 0 | AU39: =SUM(AU32:AU34) -> 0 | AV39: =SUM(AV32:AV34) -> 0 | AX39: =SUM(AX32:AX34) -> 0 | AY39: =SUM(AY32:AY34) -> 0 | AZ39: =SUM(AZ32:AZ34) -> 0 | BA39: =SUM(BA32:BA34) -> 0 | BB39: =IF(BA39=0,0,BD39/BA39*1000) -> 0 | BC39: =IF(BA39=0,0,BE39/BA39*1000) -> 0 | BD39: =SUM(BD32:BD34) -> 0 | BE39: =SUM(BE32:BE34) -> 0 | BG39: =SUM(BG32:BG34) -> 0 | BH39: =SUM(BH32:BH34) -> 0 | BI39: =SUM(BI32:BI34) -> 0 | BJ39: =SUM(BJ32:BJ34) -> 0 | BK39: =IF(BJ39=0,0,BM39/BJ39*1000) -> 0 | BL39: =IF(BJ39=0,0,BN39/BJ39*1000) -> 0 | BM39: =SUM(BM32:BM34) -> 0 | BN39: =SUM(BN32:BN34) -> 0 | BP39: =SUM(BP32:BP34) -> 0 | BQ39: =SUM(BQ32:BQ34) -> 0 | BR39: =SUM(BR32:BR34) -> 0 | BS39: =IF(BR39=0,0,BU39/BR39*1000) -> 0 | BT39: =IF(BR39=0,0,BV39/BR39*1000) -> 0 | BU39: =SUM(BU32:BU34) -> 0 | BV39: =SUM(BV32:BV34) -> 0 | BX39: =SUM(BX32:BX34) -> 0 | BY39: =SUM(BY32:BY34) -> 0 | BZ39: =SUM(BZ32:BZ34) -> 0 | CA39: =IF(BZ39=0,0,CC39/BZ39*1000) -> 0 | CB39: =IF(BZ39=0,0,CD39/BZ39*1000) -> 0 | CC39: =SUM(CC32:CC34) -> 0 | CD39: =SUM(CD32:CD34) -> 0 | CF39: =SUM(CF32:CF34) -> 0 | CG39: =SUM(CG32:CG34) -> 0
D40: Добыча аргилизитов | E40: =SUM(E35:E36)*0.92*CH4 -> 0 | F40: =IF(E40=0,0,H40/E40*1000) -> 0 | G40: =IF(E40=0,0,I40/E40*1000) -> 0 | H40: =SUM(H35:H36)*0.92 -> 0 | I40: =SUM(I35:I36)*0.92 -> 0 | K40: =SUM(K35:K36) -> 0 | L40: =SUM(L35:L36) -> 0 | M40: =SUM(M35:M36) -> 0 | N40: =SUM(N35:N36) -> 0 | O40: =SUM(O35:O36) -> 0 | P40: =SUM(P35:P36) -> 0 | Q40: =SUM(Q35:Q36) -> 0 | R40: =SUM(R35:R36) -> 0 | ... Z40: =SUM(Z35:Z36) -> 0 | AA40: =IF(Z40=0,0,AC40/Z40*1000) -> 0 | AB40: =IF(Z40=0,0,AD40/Z40*1000) -> 0 | AC40: =SUM(AC35:AC36) -> 0 | AD40: =SUM(AD35:AD36) -> 0 | AF40: =SUM(AF35:AF36) -> 0 | AG40: =SUM(AG35:AG36) -> 0 | AH40: =SUM(AH35:AH36) -> 0 | AI40: =SUM(AI35:AI36) -> 0 | AJ40: =IF(AI40=0,0,AL40/AI40*1000) -> 0 | AK40: =IF(AI40=0,0,AM40/AI40*1000) -> 0 | AL40: =SUM(AL35:AL36) -> 0 | AM40: =SUM(AM35:AM36) -> 0 | AO40: =SUM(AO35:AO36) -> 0 | AP40: =SUM(AP35:AP36) -> 0 | AQ40: =SUM(AQ35:AQ36) -> 0 | AR40: =SUM(AR35:AR36) -> 0 | AS40: =IF(AR40=0,0,AU40/AR40*1000) -> 0 | AT40: =IF(AR40=0,0,AV40/AR40*1000) -> 0 | AU40: =SUM(AU35:AU36) -> 0 | AV40: =SUM(AV35:AV36) -> 0 | AX40: =SUM(AX35:AX36) -> 0 | AY40: =SUM(AY35:AY36) -> 0 | AZ40: =SUM(AZ35:AZ36) -> 0 | BA40: =SUM(BA35:BA36) -> 0 | BB40: =IF(BA40=0,0,BD40/BA40*1000) -> 0 | BC40: =IF(BA40=0,0,BE40/BA40*1000) -> 0 | BD40: =SUM(BD35:BD36) -> 0 | BE40: =SUM(BE35:BE36) -> 0 | BG40: =SUM(BG35:BG36) -> 0 | BH40: =SUM(BH35:BH36) -> 0 | BI40: =SUM(BI35:BI36) -> 0 | BJ40: =SUM(BJ35:BJ36) -> 0 | BK40: =IF(BJ40=0,0,BM40/BJ40*1000) -> 0 | BL40: =IF(BJ40=0,0,BN40/BJ40*1000) -> 0 | BM40: =SUM(BM35:BM36) -> 0 | BN40: =SUM(BN35:BN36) -> 0 | BP40: =SUM(BP35:BP36) -> 0 | BQ40: =SUM(BQ35:BQ36) -> 0 | BR40: =SUM(BR35:BR36) -> 0 | BS40: =IF(BR40=0,0,BU40/BR40*1000) -> 0 | BT40: =IF(BR40=0,0,BV40/BR40*1000) -> 0 | BU40: =SUM(BU35:BU36) -> 0 | BV40: =SUM(BV35:BV36) -> 0 | BX40: =SUM(BX35:BX36) -> 0 | BY40: =SUM(BY35:BY36) -> 0 | BZ40: =SUM(BZ35:BZ36) -> 0 | CA40: =IF(BZ40=0,0,CC40/BZ40*1000) -> 0 | CB40: =IF(BZ40=0,0,CD40/BZ40*1000) -> 0 | CC40: =SUM(CC35:CC36) -> 0 | CD40: =SUM(CD35:CD36) -> 0 | CF40: =SUM(CF35:CF36) -> 0 | CG40: =SUM(CG35:CG36) -> 0
A41: сутки | D41: Добыча первичной руды | E41: =E21+E37 -> 0 | F41: =IF(E41=0,0,H41/E41*1000) -> 0 | G41: =IF(E41=0,0,I41/E41*1000) -> 0 | H41: =H21+H37 -> 0 | I41: =I21+I37 -> 0 | K41: =K21+K37 -> 0 | L41: =L21+L37 -> 0 | M41: =M21+M37 -> 0 | N41: =N21+N37 -> 0 | O41: =O21+O37 -> 0 | P41: =P21+P37 -> 0 | Q41: =Q21+Q37 -> 0 | R41: =R21+R37 -> 0 | ... Z41: =Z21+Z37 -> 0 | AA41: =IF(Z41=0,0,AC41/Z41*1000) -> 0 | AB41: =IF(Z41=0,0,AD41/Z41*1000) -> 0 | AC41: =AC21+AC37 -> 0 | AD41: =AD21+AD37 -> 0 | AF41: =AF21+AF37 -> 0 | AG41: =AG21+AG37 -> 0 | AH41: =AH21+AH37 -> 0 | AI41: =AI21+AI37 -> 0 | AJ41: =IF(AI41=0,0,AL41/AI41*1000) -> 0 | AK41: =IF(AI41=0,0,AM41/AI41*1000) -> 0 | AL41: =AL21+AL37 -> 0 | AM41: =AM21+AM37 -> 0 | AO41: =AO21+AO37 -> 0 | AP41: =AP21+AP37 -> 0 | AQ41: =AQ21+AQ37 -> 0 | AR41: =AR21+AR37 -> 0 | AS41: =IF(AR41=0,0,AU41/AR41*1000) -> 0 | AT41: =IF(AR41=0,0,AV41/AR41*1000) -> 0 | AU41: =AU21+AU37 -> 0 | AV41: =AV21+AV37 -> 0 | AX41: =AX21+AX37 -> 0 | AY41: =AY21+AY37 -> 0 | AZ41: =AZ21+AZ37 -> 0 | BA41: =BA21+BA37 -> 0 | BB41: =IF(BA41=0,0,BD41/BA41*1000) -> 0 | BC41: =IF(BA41=0,0,BE41/BA41*1000) -> 0 | BD41: =BD21+BD37 -> 0 | BE41: =BE21+BE37 -> 0 | BG41: =BG21+BG37 -> 0 | BH41: =BH21+BH37 -> 0 | BI41: =BI21+BI37 -> 0 | BJ41: =BJ21+BJ37 -> 0 | BK41: =IF(BJ41=0,0,BM41/BJ41*1000) -> 0 | BL41: =IF(BJ41=0,0,BN41/BJ41*1000) -> 0 | BM41: =BM21+BM37 -> 0 | BN41: =BN21+BN37 -> 0 | BP41: =BP21+BP37 -> 0 | BQ41: =BQ21+BQ37 -> 0 | BR41: =BR21+BR37 -> 0 | BS41: =IF(BR41=0,0,BU41/BR41*1000) -> 0 | BT41: =IF(BR41=0,0,BV41/BR41*1000) -> 0 | BU41: =BU21+BU37 -> 0 | BV41: =BV21+BV37 -> 0 | BX41: =BX21+BX37 -> 0 | BY41: =BY21+BY37 -> 0 | BZ41: =BZ21+BZ37 -> 0 | CA41: =IF(BZ41=0,0,CC41/BZ41*1000) -> 0 | CB41: =IF(BZ41=0,0,CD41/BZ41*1000) -> 0 | CC41: =CC21+CC37 -> 0 | CD41: =CD21+CD37 -> 0 | CF41: =CF21+CF37 -> 0 | CG41: =CG21+CG37 -> 0
D42: Добыча окисленной руды | E42: =E22+E38 -> 0 | F42: =IF(E42=0,0,H42/E42*1000) -> 0 | G42: =IF(E42=0,0,I42/E42*1000) -> 0 | H42: =H22+H38 -> 0 | I42: =I22+I38 -> 0 | K42: =K22+K38 -> 0 | L42: =L22+L38 -> 0 | M42: =M22+M38 -> 0 | N42: =N22+N38 -> 0 | O42: =O22+O38 -> 0 | P42: =P22+P38 -> 0 | Q42: =Q22+Q38 -> 0 | R42: =R22+R38 -> 0 | ... Z42: =Z22+Z38 -> 0 | AA42: =IF(Z42=0,0,AC42/Z42*1000) -> 0 | AB42: =IF(Z42=0,0,AD42/Z42*1000) -> 0 | AC42: =AC22+AC38 -> 0 | AD42: =AD22+AD38 -> 0 | AF42: =AF22+AF38 -> 0 | AG42: =AG22+AG38 -> 0 | AH42: =AH22+AH38 -> 0 | AI42: =AI22+AI38 -> 0 | AJ42: =IF(AI42=0,0,AL42/AI42*1000) -> 0 | AK42: =IF(AI42=0,0,AM42/AI42*1000) -> 0 | AL42: =AL22+AL38 -> 0 | AM42: =AM22+AM38 -> 0 | AO42: =AO22+AO38 -> 0 | AP42: =AP22+AP38 -> 0 | AQ42: =AQ22+AQ38 -> 0 | AR42: =AR22+AR38 -> 0 | AS42: =IF(AR42=0,0,AU42/AR42*1000) -> 0 | AT42: =IF(AR42=0,0,AV42/AR42*1000) -> 0 | AU42: =AU22+AU38 -> 0 | AV42: =AV22+AV38 -> 0 | AX42: =AX22+AX38 -> 0 | AY42: =AY22+AY38 -> 0 | AZ42: =AZ22+AZ38 -> 0 | BA42: =BA22+BA38 -> 0 | BB42: =IF(BA42=0,0,BD42/BA42*1000) -> 0 | BC42: =IF(BA42=0,0,BE42/BA42*1000) -> 0 | BD42: =BD22+BD38 -> 0 | BE42: =BE22+BE38 -> 0 | BG42: =BG22+BG38 -> 0 | BH42: =BH22+BH38 -> 0 | BI42: =BI22+BI38 -> 0 | BJ42: =BJ22+BJ38 -> 0 | BK42: =IF(BJ42=0,0,BM42/BJ42*1000) -> 0 | BL42: =IF(BJ42=0,0,BN42/BJ42*1000) -> 0 | BM42: =BM22+BM38 -> 0 | BN42: =BN22+BN38 -> 0 | BP42: =BP22+BP38 -> 0 | BQ42: =BQ22+BQ38 -> 0 | BR42: =BR22+BR38 -> 0 | BS42: =IF(BR42=0,0,BU42/BR42*1000) -> 0 | BT42: =IF(BR42=0,0,BV42/BR42*1000) -> 0 | BU42: =BU22+BU38 -> 0 | BV42: =BV22+BV38 -> 0 | BX42: =BX22+BX38 -> 0 | BY42: =BY22+BY38 -> 0 | BZ42: =BZ22+BZ38 -> 0 | CA42: =IF(BZ42=0,0,CC42/BZ42*1000) -> 0 | CB42: =IF(BZ42=0,0,CD42/BZ42*1000) -> 0 | CC42: =CC22+CC38 -> 0 | CD42: =CD22+CD38 -> 0 | CF42: =CF22+CF38 -> 0 | CG42: =CG22+CG38 -> 0
D43: Добыча окисл. забал. руды | E43: =E23+E39 -> 0 | F43: =IF(E43=0,0,H43/E43*1000) -> 0 | G43: =IF(E43=0,0,I43/E43*1000) -> 0 | H43: =H23+H39 -> 0 | I43: =I23+I39 -> 0 | K43: =K23+K39 -> 0 | L43: =L23+L39 -> 0 | M43: =M23+M39 -> 0 | N43: =N23+N39 -> 0 | O43: =O23+O39 -> 0 | P43: =P23+P39 -> 0 | Q43: =Q23+Q39 -> 0 | R43: =R23+R39 -> 0 | ... Z43: =Z23+Z39 -> 0 | AA43: =IF(Z43=0,0,AC43/Z43*1000) -> 0 | AB43: =IF(Z43=0,0,AD43/Z43*1000) -> 0 | AC43: =AC23+AC39 -> 0 | AD43: =AD23+AD39 -> 0 | AF43: =AF23+AF39 -> 0 | AG43: =AG23+AG39 -> 0 | AH43: =AH23+AH39 -> 0 | AI43: =AI23+AI39 -> 0 | AJ43: =IF(AI43=0,0,AL43/AI43*1000) -> 0 | AK43: =IF(AI43=0,0,AM43/AI43*1000) -> 0 | AL43: =AL23+AL39 -> 0 | AM43: =AM23+AM39 -> 0 | AO43: =AO23+AO39 -> 0 | AP43: =AP23+AP39 -> 0 | AQ43: =AQ23+AQ39 -> 0 | AR43: =AR23+AR39 -> 0 | AS43: =IF(AR43=0,0,AU43/AR43*1000) -> 0 | AT43: =IF(AR43=0,0,AV43/AR43*1000) -> 0 | AU43: =AU23+AU39 -> 0 | AV43: =AV23+AV39 -> 0 | AX43: =AX23+AX39 -> 0 | AY43: =AY23+AY39 -> 0 | AZ43: =AZ23+AZ39 -> 0 | BA43: =BA23+BA39 -> 0 | BB43: =IF(BA43=0,0,BD43/BA43*1000) -> 0 | BC43: =IF(BA43=0,0,BE43/BA43*1000) -> 0 | BD43: =BD23+BD39 -> 0 | BE43: =BE23+BE39 -> 0 | BG43: =BG23+BG39 -> 0 | BH43: =BH23+BH39 -> 0 | BI43: =BI23+BI39 -> 0 | BJ43: =BJ23+BJ39 -> 0 | BK43: =IF(BJ43=0,0,BM43/BJ43*1000) -> 0 | BL43: =IF(BJ43=0,0,BN43/BJ43*1000) -> 0 | BM43: =BM23+BM39 -> 0 | BN43: =BN23+BN39 -> 0 | BP43: =BP23+BP39 -> 0 | BQ43: =BQ23+BQ39 -> 0 | BR43: =BR23+BR39 -> 0 | BS43: =IF(BR43=0,0,BU43/BR43*1000) -> 0 | BT43: =IF(BR43=0,0,BV43/BR43*1000) -> 0 | BU43: =BU23+BU39 -> 0 | BV43: =BV23+BV39 -> 0 | BX43: =BX23+BX39 -> 0 | BY43: =BY23+BY39 -> 0 | BZ43: =BZ23+BZ39 -> 0 | CA43: =IF(BZ43=0,0,CC43/BZ43*1000) -> 0 | CB43: =IF(BZ43=0,0,CD43/BZ43*1000) -> 0 | CC43: =CC23+CC39 -> 0 | CD43: =CD23+CD39 -> 0 | CF43: =CF23+CF39 -> 0 | CG43: =CG23+CG39 -> 0
D44: Добыча аргилизитов | E44: =E24+E40 -> 0 | F44: =IF(E44=0,0,H44/E44*1000) -> 0 | G44: =IF(E44=0,0,I44/E44*1000) -> 0 | H44: =H24+H40 -> 0 | I44: =I24+I40 -> 0 | K44: =K24+K40 -> 0 | L44: =L24+L40 -> 0 | M44: =M24+M40 -> 0 | N44: =N24+N40 -> 0 | O44: =O24+O40 -> 0 | P44: =P24+P40 -> 0 | Q44: =Q24+Q40 -> 0 | R44: =R24+R40 -> 0 | ... Z44: =Z24+Z40 -> 0 | AA44: =IF(Z44=0,0,AC44/Z44*1000) -> 0 | AB44: =IF(Z44=0,0,AD44/Z44*1000) -> 0 | AC44: =AC24+AC40 -> 0 | AD44: =AD24+AD40 -> 0 | AF44: =AF24+AF40 -> 0 | AG44: =AG24+AG40 -> 0 | AH44: =AH24+AH40 -> 0 | AI44: =AI24+AI40 -> 0 | AJ44: =IF(AI44=0,0,AL44/AI44*1000) -> 0 | AK44: =IF(AI44=0,0,AM44/AI44*1000) -> 0 | AL44: =AL24+AL40 -> 0 | AM44: =AM24+AM40 -> 0 | AO44: =AO24+AO40 -> 0 | AP44: =AP24+AP40 -> 0 | AQ44: =AQ24+AQ40 -> 0 | AR44: =AR24+AR40 -> 0 | AS44: =IF(AR44=0,0,AU44/AR44*1000) -> 0 | AT44: =IF(AR44=0,0,AV44/AR44*1000) -> 0 | AU44: =AU24+AU40 -> 0 | AV44: =AV24+AV40 -> 0 | AX44: =AX24+AX40 -> 0 | AY44: =AY24+AY40 -> 0 | AZ44: =AZ24+AZ40 -> 0 | BA44: =BA24+BA40 -> 0 | BB44: =IF(BA44=0,0,BD44/BA44*1000) -> 0 | BC44: =IF(BA44=0,0,BE44/BA44*1000) -> 0 | BD44: =BD24+BD40 -> 0 | BE44: =BE24+BE40 -> 0 | BG44: =BG24+BG40 -> 0 | BH44: =BH24+BH40 -> 0 | BI44: =BI24+BI40 -> 0 | BJ44: =BJ24+BJ40 -> 0 | BK44: =IF(BJ44=0,0,BM44/BJ44*1000) -> 0 | BL44: =IF(BJ44=0,0,BN44/BJ44*1000) -> 0 | BM44: =BM24+BM40 -> 0 | BN44: =BN24+BN40 -> 0 | BP44: =BP24+BP40 -> 0 | BQ44: =BQ24+BQ40 -> 0 | BR44: =BR24+BR40 -> 0 | BS44: =IF(BR44=0,0,BU44/BR44*1000) -> 0 | BT44: =IF(BR44=0,0,BV44/BR44*1000) -> 0 | BU44: =BU24+BU40 -> 0 | BV44: =BV24+BV40 -> 0 | BX44: =BX24+BX40 -> 0 | BY44: =BY24+BY40 -> 0 | BZ44: =BZ24+BZ40 -> 0 | CA44: =IF(BZ44=0,0,CC44/BZ44*1000) -> 0 | CB44: =IF(BZ44=0,0,CD44/BZ44*1000) -> 0 | CC44: =CC24+CC40 -> 0 | CD44: =CD24+CD40 -> 0 | CF44: =CF24+CF40 -> 0 | CG44: =CG24+CG40 -> 0

Sheet БелАЗы 
A1: Смена | B1: Грузоподъемность самосвалов | C1: Гаражный номер | D1: м3 | I1: Рейсы. кол-во | L1: км | M1: Время работы двигателя (ВИСТ) | N1: Расход ДТ (ВИСТ), л | O1: Пробег, км | P1: Проверка | Q1: Время на перевозке | R1: Технологические простои | W1: ИТОГО на линии | X1: Простои, час. | AW1: ИТОГО ПРОСТОИ | AX1: Всего время за смену (д.б.12ч) | AY1: завершение смены диспетчером АТЦ
D2: Из карьера | G2: Внутрикарьерные перевозки | H2: Всего м3 | I2: Из карьера | J2: Внутрикарьерные | K2: Всего рейсов | L2: среднее плечо | R2: Взрывные работы | S2: Заправка | T2: Погрузка, разгрузка, ожидание погрузки и разгрузки | U2: Чистка | V2: Итого технологические перерывы | X2: Планируемые | AC2: Итого планируемые простои | AD2: Не планируемые | AV2: Итого не планируемые простои
D3: Вскрыша | E3: Первичная руда | F3: Окисленная руда | X3: Приём - передачи смены, ежесменное обслуживание | Y3: Обед | Z3: Резерв, без бригады | AA3: ППР | AB3: ТО | AD3: Аварийные | AL3: Итого аварийный ремонт | AM3: Отсутствие | AQ3: Итого отсутствие | AR3: Условия | AT3: Итого условия | AU3: Прочие
AD4: ДВС | AE4: Трансмиссия | AF4: Ходовая часть | AG4: Навесное оборудование | AH4: Электрич. часть | AI4: Гидравлич. часть | AJ4: Автошины | AK4: Прочие | AM4: Отсутствие фронта работ | AN4: Отсутствие запчастей | AO4: Отсутствие рем. Персонала | AP4: Отсутствие эл.энергии, ГСМ | AR4: Климатические | AS4: Дорожные
BR5: ЮВК | BS5: СВК
A6: 1 | B6: 2 | C6: 3 | D6: 4 | E6: 5 | F6: 6 | G6: 7 | H6: 8 | I6: 9 | J6: 10 | K6: 11 | L6: 12 | M6: 13 | N6: 14 | O6: 15 | P6: 16 | Q6: 17 | R6: 18 | S6: 19 | T6: 20 | U6: 21 | V6: 22 | W6: 23 | X6: 24 | Y6: 25 | Z6: 26 | AA6: 27 | AB6: 28 | AC6: 29 | AD6: 30 | AE6: 31 | AF6: 32 | AG6: 33 | AH6: 34 | AI6: 35 | AJ6: 36 | AK6: 37 | AL6: 38 | AM6: 39 | AN6: 40 | AO6: 41 | AP6: 42 | AQ6: 43 | AR6: 44 | AS6: 45 | AT6: 46 | AU6: 47 | AV6: 48 | AW6: 49 | AX6: 50
A7: 1 | B7: Белаз | C7: 30 | H7: =SUM(D7:G7) -> 0 | K7: =SUM(I7:J7) -> 0 | P7: =IF(M7<W7,"!","ок") -> ок | Q7: =IF(X7="",0,12-(V7+AW7)) -> 0 | V7: =SUM(R7:U7) -> 0 | W7: =V7+Q7 -> 0 | AC7: =SUM(X7:AB7) -> 0 | AL7: =SUM(AD7:AK7) -> 0 | AQ7: =SUM(AM7:AP7) -> 0 | AT7: =SUM(AR7:AS7) -> 0 | AV7: =AU7+AT7+AQ7+AL7 -> 0 | AW7: =AV7+AC7 -> 0 | AX7: =AW7+W7 -> 0
C8: 32 | H8: =SUM(D8:G8) -> 0 | K8: =SUM(I8:J8) -> 0 | P8: =IF(M8<W8,"!","ок") -> ок | Q8: =IF(X8="",0,12-(V8+AW8)) -> 0 | V8: =SUM(R8:U8) -> 0 | W8: =V8+Q8 -> 0 | AC8: =SUM(X8:AB8) -> 0 | AL8: =SUM(AD8:AK8) -> 0 | AQ8: =SUM(AM8:AP8) -> 0 | AT8: =SUM(AR8:AS8) -> 0 | AV8: =AU8+AT8+AQ8+AL8 -> 0 | AW8: =AV8+AC8 -> 0 | AX8: =AW8+W8 -> 0
C9: 35 | H9: =SUM(D9:G9) -> 0 | K9: =SUM(I9:J9) -> 0 | P9: =IF(M9<W9,"!","ок") -> ок | Q9: =IF(X9="",0,12-(V9+AW9)) -> 0 | V9: =SUM(R9:U9) -> 0 | W9: =V9+Q9 -> 0 | AC9: =SUM(X9:AB9) -> 0 | AL9: =SUM(AD9:AK9) -> 0 | AQ9: =SUM(AM9:AP9) -> 0 | AT9: =SUM(AR9:AS9) -> 0 | AV9: =AU9+AT9+AQ9+AL9 -> 0 | AW9: =AV9+AC9 -> 0 | AX9: =AW9+W9 -> 0
C10: итого | D10: =SUM(D7:D9) -> 0 | E10: =SUM(E7:E9) -> 0 | F10: =SUM(F7:F9) -> 0 | G10: =SUM(G7:G9) -> 0 | H10: =SUM(H7:H9) -> 0 | I10: =SUM(I7:I9) -> 0 | J10: =SUM(J7:J9) -> 0 | K10: =SUM(K7:K9) -> 0 | M10: =SUM(M7:M9) -> 0 | N10: =SUM(N7:N9) -> 0 | O10: =SUM(O7:O9) -> 0 | Q10: =SUM(Q7:Q9) -> 0 | R10: =SUM(R7:R9) -> 0 | S10: =SUM(S7:S9) -> 0 | T10: =SUM(T7:T9) -> 0 | U10: =SUM(U7:U9) -> 0 | V10: =SUM(V7:V9) -> 0 | W10: =SUM(W7:W9) -> 0 | X10: =SUM(X7:X9) -> 0 | ... AW10: =SUM(AW7:AW9) -> 0 | AX10: =AW10+W10 -> 0 | BR10: =SUM(BR7:BR9) -> 0 | BS10: =SUM(BS7:BS9) -> 0
C11: 48 | H11: =SUM(D11:G11) -> 0 | K11: =SUM(I11:J11) -> 0 | P11: =IF(M11<W11,"!","ок") -> ок | Q11: =IF(X11="",0,12-(V11+AW11)) -> 0 | V11: =SUM(R11:U11) -> 0 | W11: =V11+Q11 -> 0 | AC11: =SUM(X11:AB11) -> 0 | AL11: =SUM(AD11:AK11) -> 0 | AQ11: =SUM(AM11:AP11) -> 0 | AT11: =SUM(AR11:AS11) -> 0 | AV11: =AU11+AT11+AQ11+AL11 -> 0 | AW11: =AV11+AC11 -> 0 | AX11: =AW11+W11 -> 0
C12: 49 | H12: =SUM(D12:G12) -> 0 | K12: =SUM(I12:J12) -> 0 | P12: =IF(M12<W12,"!","ок") -> ок | Q12: =IF(X12="",0,12-(V12+AW12)) -> 0 | V12: =SUM(R12:U12) -> 0 | W12: =V12+Q12 -> 0 | AC12: =SUM(X12:AB12) -> 0 | AL12: =SUM(AD12:AK12) -> 0 | AQ12: =SUM(AM12:AP12) -> 0 | AT12: =SUM(AR12:AS12) -> 0 | AV12: =AU12+AT12+AQ12+AL12 -> 0 | AW12: =AV12+AC12 -> 0 | AX12: =AW12+W12 -> 0
C13: 50 | H13: =SUM(D13:G13) -> 0 | K13: =SUM(I13:J13) -> 0 | P13: =IF(M13<W13,"!","ок") -> ок | Q13: =IF(X13="",0,12-(V13+AW13)) -> 0 | V13: =SUM(R13:U13) -> 0 | W13: =V13+Q13 -> 0 | AC13: =SUM(X13:AB13) -> 0 | AL13: =SUM(AD13:AK13) -> 0 | AQ13: =SUM(AM13:AP13) -> 0 | AT13: =SUM(AR13:AS13) -> 0 | AV13: =AU13+AT13+AQ13+AL13 -> 0 | AW13: =AV13+AC13 -> 0 | AX13: =AW13+W13 -> 0
C14: 51 | H14: =SUM(D14:G14) -> 0 | K14: =SUM(I14:J14) -> 0 | P14: =IF(M14<W14,"!","ок") -> ок | Q14: =IF(X14="",0,12-(V14+AW14)) -> 0 | V14: =SUM(R14:U14) -> 0 | W14: =V14+Q14 -> 0 | AC14: =SUM(X14:AB14) -> 0 | AL14: =SUM(AD14:AK14) -> 0 | AQ14: =SUM(AM14:AP14) -> 0 | AT14: =SUM(AR14:AS14) -> 0 | AV14: =AU14+AT14+AQ14+AL14 -> 0 | AW14: =AV14+AC14 -> 0 | AX14: =AW14+W14 -> 0
C15: 52 | H15: =SUM(D15:G15) -> 0 | K15: =SUM(I15:J15) -> 0 | P15: =IF(M15<W15,"!","ок") -> ок | Q15: =IF(X15="",0,12-(V15+AW15)) -> 0 | V15: =SUM(R15:U15) -> 0 | W15: =V15+Q15 -> 0 | AC15: =SUM(X15:AB15) -> 0 | AL15: =SUM(AD15:AK15) -> 0 | AQ15: =SUM(AM15:AP15) -> 0 | AT15: =SUM(AR15:AS15) -> 0 | AV15: =AU15+AT15+AQ15+AL15 -> 0 | AW15: =AV15+AC15 -> 0 | AX15: =AW15+W15 -> 0
C16: итого | D16: =SUM(D11:D15) -> 0 | E16: =SUM(E11:E15) -> 0 | F16: =SUM(F11:F15) -> 0 | G16: =SUM(G11:G15) -> 0 | H16: =SUM(H11:H15) -> 0 | I16: =SUM(I11:I15) -> 0 | J16: =SUM(J11:J15) -> 0 | K16: =SUM(K11:K15) -> 0 | M16: =SUM(M11:M15) -> 0 | N16: =SUM(N11:N15) -> 0 | O16: =SUM(O11:O15) -> 0 | Q16: =SUM(Q11:Q15) -> 0 | R16: =SUM(R11:R15) -> 0 | S16: =SUM(S11:S15) -> 0 | T16: =SUM(T11:T15) -> 0 | U16: =SUM(U11:U15) -> 0 | V16: =SUM(V11:V15) -> 0 | W16: =SUM(W11:W15) -> 0 | X16: =SUM(X11:X15) -> 0 | ... AW16: =SUM(AW11:AW15) -> 0 | AX16: =AW16+W16 -> 0 | BR16: =SUM(BR11:BR15) -> 0 | BS16: =SUM(BS11:BS15) -> 0
B17: Итого за 1см | C17: итого | D17: =D10+D16 -> 0 | E17: =E10+E16 -> 0 | F17: =F10+F16 -> 0 | G17: =G10+G16 -> 0 | H17: =SUM(D17:G17) -> 0 | I17: =I10+I16 -> 0 | J17: =J10+J16 -> 0 | K17: =SUM(I17:J17) -> 0 | M17: =M10+M16 -> 0 | N17: =N10+N16 -> 0 | O17: =O10+O16 -> 0 | Q17: =Q10+Q16 -> 0 | R17: =R10+R16 -> 0 | S17: =S10+S16 -> 0 | T17: =T10+T16 -> 0 | U17: =U10+U16 -> 0 | V17: =V10+V16 -> 0 | W17: =W10+W16 -> 0 | X17: =X10+X16 -> 0 | ... AW17: =AW10+AW16 -> 0 | AX17: =AW17+W17 -> 0 | BR17: =BR10+BR16 -> 0 | BS17: =BS10+BS16 -> 0
A18: 2 | B18: Белаз | C18: 30 | H18: =SUM(D18:G18) -> 0 | K18: =SUM(I18:J18) -> 0 | P18: =IF(M18<W18,"!","ок") -> ок | Q18: =IF(X18="",0,12-(V18+AW18)) -> 0 | V18: =SUM(R18:U18) -> 0 | W18: =V18+Q18 -> 0 | AC18: =SUM(X18:AB18) -> 0 | AL18: =SUM(AD18:AK18) -> 0 | AQ18: =SUM(AM18:AP18) -> 0 | AT18: =SUM(AR18:AS18) -> 0 | AV18: =AU18+AT18+AQ18+AL18 -> 0 | AW18: =AV18+AC18 -> 0 | AX18: =AW18+W18 -> 0
C19: 32 | H19: =SUM(D19:G19) -> 0 | K19: =SUM(I19:J19) -> 0 | P19: =IF(M19<W19,"!","ок") -> ок | Q19: =IF(X19="",0,12-(V19+AW19)) -> 0 | V19: =SUM(R19:U19) -> 0 | W19: =V19+Q19 -> 0 | AC19: =SUM(X19:AB19) -> 0 | AL19: =SUM(AD19:AK19) -> 0 | AQ19: =SUM(AM19:AP19) -> 0 | AT19: =SUM(AR19:AS19) -> 0 | AV19: =AU19+AT19+AQ19+AL19 -> 0 | AW19: =AV19+AC19 -> 0 | AX19: =AW19+W19 -> 0
C20: 35 | H20: =SUM(D20:G20) -> 0 | K20: =SUM(I20:J20) -> 0 | P20: =IF(M20<W20,"!","ок") -> ок | Q20: =IF(X20="",0,12-(V20+AW20)) -> 0 | V20: =SUM(R20:U20) -> 0 | W20: =V20+Q20 -> 0 | AC20: =SUM(X20:AB20) -> 0 | AL20: =SUM(AD20:AK20) -> 0 | AQ20: =SUM(AM20:AP20) -> 0 | AT20: =SUM(AR20:AS20) -> 0 | AV20: =AU20+AT20+AQ20+AL20 -> 0 | AW20: =AV20+AC20 -> 0 | AX20: =AW20+W20 -> 0
C21: итого | D21: =SUM(D18:D20) -> 0 | E21: =SUM(E18:E20) -> 0 | F21: =SUM(F18:F20) -> 0 | G21: =SUM(G18:G20) -> 0 | H21: =SUM(H18:H20) -> 0 | I21: =SUM(I18:I20) -> 0 | J21: =SUM(J18:J20) -> 0 | K21: =SUM(K18:K20) -> 0 | M21: =SUM(M18:M20) -> 0 | N21: =SUM(N18:N20) -> 0 | O21: =SUM(O18:O20) -> 0 | Q21: =SUM(Q18:Q20) -> 0 | R21: =SUM(R18:R20) -> 0 | S21: =SUM(S18:S20) -> 0 | T21: =SUM(T18:T20) -> 0 | U21: =SUM(U18:U20) -> 0 | V21: =SUM(V18:V20) -> 0 | W21: =SUM(W18:W20) -> 0 | X21: =SUM(X18:X20) -> 0 | ... AW21: =SUM(AW18:AW20) -> 0 | AX21: =AW21+W21 -> 0 | BR21: =SUM(BR18:BR20) -> 0 | BS21: =SUM(BS18:BS20) -> 0
C22: 48 | H22: =SUM(D22:G22) -> 0 | K22: =SUM(I22:J22) -> 0 | P22: =IF(M22<W22,"!","ок") -> ок | Q22: =IF(X22="",0,12-(V22+AW22)) -> 0 | V22: =SUM(R22:U22) -> 0 | W22: =V22+Q22 -> 0 | AC22: =SUM(X22:AB22) -> 0 | AL22: =SUM(AD22:AK22) -> 0 | AQ22: =SUM(AM22:AP22) -> 0 | AT22: =SUM(AR22:AS22) -> 0 | AV22: =AU22+AT22+AQ22+AL22 -> 0 | AW22: =AV22+AC22 -> 0 | AX22: =AW22+W22 -> 0
C23: 49 | H23: =SUM(D23:G23) -> 0 | K23: =SUM(I23:J23) -> 0 | P23: =IF(M23<W23,"!","ок") -> ок | Q23: =IF(X23="",0,12-(V23+AW23)) -> 0 | V23: =SUM(R23:U23) -> 0 | W23: =V23+Q23 -> 0 | AC23: =SUM(X23:AB23) -> 0 | AL23: =SUM(AD23:AK23) -> 0 | AQ23: =SUM(AM23:AP23) -> 0 | AT23: =SUM(AR23:AS23) -> 0 | AV23: =AU23+AT23+AQ23+AL23 -> 0 | AW23: =AV23+AC23 -> 0 | AX23: =AW23+W23 -> 0
C24: 50 | H24: =SUM(D24:G24) -> 0 | K24: =SUM(I24:J24) -> 0 | P24: =IF(M24<W24,"!","ок") -> ок | Q24: =IF(X24="",0,12-(V24+AW24)) -> 0 | V24: =SUM(R24:U24) -> 0 | W24: =V24+Q24 -> 0 | AC24: =SUM(X24:AB24) -> 0 | AL24: =SUM(AD24:AK24) -> 0 | AQ24: =SUM(AM24:AP24) -> 0 | AT24: =SUM(AR24:AS24) -> 0 | AV24: =AU24+AT24+AQ24+AL24 -> 0 | AW24: =AV24+AC24 -> 0 | AX24: =AW24+W24 -> 0
C25: 51 | H25: =SUM(D25:G25) -> 0 | K25: =SUM(I25:J25) -> 0 | P25: =IF(M25<W25,"!","ок") -> ок | Q25: =IF(X25="",0,12-(V25+AW25)) -> 0 | V25: =SUM(R25:U25) -> 0 | W25: =V25+Q25 -> 0 | AC25: =SUM(X25:AB25) -> 0 | AL25: =SUM(AD25:AK25) -> 0 | AQ25: =SUM(AM25:AP25) -> 0 | AT25: =SUM(AR25:AS25) -> 0 | AV25: =AU25+AT25+AQ25+AL25 -> 0 | AW25: =AV25+AC25 -> 0 | AX25: =AW25+W25 -> 0
C26: 52 | H26: =SUM(D26:G26) -> 0 | K26: =SUM(I26:J26) -> 0 | P26: =IF(M26<W26,"!","ок") -> ок | Q26: =IF(X26="",0,12-(V26+AW26)) -> 0 | V26: =SUM(R26:U26) -> 0 | W26: =V26+Q26 -> 0 | AC26: =SUM(X26:AB26) -> 0 | AL26: =SUM(AD26:AK26) -> 0 | AQ26: =SUM(AM26:AP26) -> 0 | AT26: =SUM(AR26:AS26) -> 0 | AV26: =AU26+AT26+AQ26+AL26 -> 0 | AW26: =AV26+AC26 -> 0 | AX26: =AW26+W26 -> 0
C27: итого | D27: =SUM(D22:D26) -> 0 | E27: =SUM(E22:E26) -> 0 | F27: =SUM(F22:F26) -> 0 | G27: =SUM(G22:G26) -> 0 | H27: =SUM(H22:H26) -> 0 | I27: =SUM(I22:I26) -> 0 | J27: =SUM(J22:J26) -> 0 | K27: =SUM(K22:K26) -> 0 | M27: =SUM(M22:M26) -> 0 | N27: =SUM(N22:N26) -> 0 | O27: =SUM(O22:O26) -> 0 | Q27: =SUM(Q22:Q26) -> 0 | R27: =SUM(R22:R26) -> 0 | S27: =SUM(S22:S26) -> 0 | T27: =SUM(T22:T26) -> 0 | U27: =SUM(U22:U26) -> 0 | V27: =SUM(V22:V26) -> 0 | W27: =SUM(W22:W26) -> 0 | X27: =SUM(X22:X26) -> 0 | ... AW27: =SUM(AW22:AW26) -> 0 | AX27: =AW27+W27 -> 0 | BR27: =SUM(BR22:BR26) -> 0 | BS27: =SUM(BS22:BS26) -> 0
B28: Итого за 2см | C28: итого | D28: =D21+D27 -> 0 | E28: =E21+E27 -> 0 | F28: =F21+F27 -> 0 | G28: =G21+G27 -> 0 | H28: =SUM(D28:G28) -> 0 | I28: =I21+I27 -> 0 | J28: =J21+J27 -> 0 | K28: =SUM(I28:J28) -> 0 | M28: =M21+M27 -> 0 | N28: =N21+N27 -> 0 | O28: =O21+O27 -> 0 | Q28: =Q21+Q27 -> 0 | R28: =R21+R27 -> 0 | S28: =S21+S27 -> 0 | T28: =T21+T27 -> 0 | U28: =U21+U27 -> 0 | V28: =V21+V27 -> 0 | W28: =W21+W27 -> 0 | X28: =X21+X27 -> 0 | ... AW28: =AW21+AW27 -> 0 | AX28: =AW28+W28 -> 0 | BR28: =BR21+BR27 -> 0 | BS28: =BS21+BS27 -> 0
B29: Всего за сутки | D29: =D17+D28 -> 0 | E29: =E17+E28 -> 0 | F29: =F17+F28 -> 0 | G29: =G17+G28 -> 0 | H29: =H17+H28 -> 0 | I29: =I17+I28 -> 0 | J29: =J17+J28 -> 0 | K29: =K17+K28 -> 0 | M29: =M30+M31 -> 0 | N29: =N30+N31 -> 0 | O29: =O30+O31 -> 0 | Q29: =Q17+Q28 -> 0 | R29: =R17+R28 -> 0 | S29: =S17+S28 -> 0 | T29: =T17+T28 -> 0 | U29: =U17+U28 -> 0 | V29: =V17+V28 -> 0 | W29: =W17+W28 -> 0 | X29: =X17+X28 -> 0 | ... AX29: =AX17+AX28 -> 0 | BR29: =BR17+BR28 -> 0 | BS29: =BS17+BS28 -> 0
B30: Белаз | D30: =D10+D21 -> 0 | E30: =E10+E21 -> 0 | F30: =F10+F21 -> 0 | G30: =G10+G21 -> 0 | H30: =H10+H21 -> 0 | I30: =I10+I21 -> 0 | J30: =J10+J21 -> 0 | K30: =K10+K21 -> 0 | M30: =M21+M10 -> 0 | N30: =N21+N10 -> 0 | O30: =O21+O10 -> 0 | Q30: =Q10+Q21 -> 0 | R30: =R10+R21 -> 0 | S30: =S10+S21 -> 0 | T30: =T10+T21 -> 0 | U30: =U10+U21 -> 0 | V30: =V10+V21 -> 0 | W30: =W10+W21 -> 0 | X30: =X10+X21 -> 0 | ... AX30: =AX10+AX21 -> 0 | BR30: =BR10+BR21 -> 0 | BS30: =BS10+BS21 -> 0
B31: Komatsu | D31: =D16+D27 -> 0 | E31: =E16+E27 -> 0 | F31: =F16+F27 -> 0 | G31: =G16+G27 -> 0 | H31: =H16+H27 -> 0 | I31: =I16+I27 -> 0 | J31: =J16+J27 -> 0 | K31: =K16+K27 -> 0 | M31: =M27+M16 -> 0 | N31: =N27+N16 -> 0 | O31: =O27+O16 -> 0 | Q31: =Q16+Q27 -> 0 | R31: =R16+R27 -> 0 | S31: =S16+S27 -> 0 | T31: =T16+T27 -> 0 | U31: =U16+U27 -> 0 | V31: =V16+V27 -> 0 | W31: =W16+W27 -> 0 | X31: =X16+X27 -> 0 | ... AX31: =AX16+AX27 -> 0 | BR31: =BR16+BR27 -> 0 | BS31: =BS16+BS27 -> 0

Sheet Бульдозеры
A1: Смена | B1: Место работы | C1: Марка | D1: Время работы двигателя (ВИСТ) | E1: Расход ДТ (ВИСТ), л | F1: Пробег, км | G1: Проверка | H1: Время работы | I1: ТЕХНОЛОГИЧЕСКИЕ ПЕРЕРЫВЫ | N1: Итого на линии | O1: ПРОСТОИ | AM1: Итого простои | AN1: Всего время за смену (д.б.12ч) | AO1: Характер работы | AQ1: Объём работ | AS1: Примечания | AU1: завершение смены диспетчером АТЦ
I2: Взрывные работы | J2: Заправка | K2: Перегоны | L2: Чистка | M2: Итого технологические перерывы | O2: Планируемые | T2: Итого планируемые простои | U2: Не планируемые | AL2: Итого не планируемые простои | AO2: работа на отвале м.ч. | AP2: инженерные работы км
O3: Приём - передачи смены, ежесменное обслуживание | P3: Обед | Q3: Резерв, без бригады | R3: ППР | S3: ТО | U3: Аварийный ремонт | AB3: Итого аварийный ремонт | AC3: Отсутствие | AG3: Итого отсутствие | AH3: Условия | AJ3: Итого условия | AK3: Прочие
U4: ДВС | V4: Трансмиссия | W4: Ходовая часть | X4: Навесное оборудование | Y4: Электрич. часть | Z4: Гидравлич. часть | AA4: Прочие | AC4: Отсутствие фронта работ | AD4: Отсутствие запчастей | AE4: Отсутствие рем. Персонала | AF4: Отсутствие эл.энергии, ГСМ | AH4: Климатические | AI4: Дорожные
AQ5: м3 | AR5: м2
A6: 1 | B6: 2 | C6: 3 | D6: 4 | E6: 5 | F6: 6 | G6: 7 | H6: 8 | I6: 9 | J6: 10 | K6: 11 | L6: 12 | M6: 13 | N6: 14 | O6: 15 | P6: 16 | Q6: 17 | R6: 18 | S6: 19 | T6: 20 | U6: 21 | V6: 22 | W6: 23 | X6: 24 | Y6: 25 | Z6: 26 | AA6: 27 | AB6: 28 | AC6: 29 | AD6: 30 | AE6: 31 | AF6: 32 | AG6: 33 | AH6: 34 | AI6: 35 | AJ6: 36 | AK6: 37 | AL6: 38 | AM6: 39 | AN6: 40 | AO6: 41 | AP6: 42 | AQ6: 43 | AR6: 44 | AS6: Заполнять только здесь!!!
A7: 1 | B7: карьер | C7: Caterpillar D-9R №36 | G7: =IF(D7<N7,"!","ок") -> ок | H7: =IF(O7="",0,12-(M7+AM7+K7)) -> 0 | M7: =SUM(I7:J7)+L7 -> 0 | N7: =M7+H7+K7 -> 0 | T7: =SUM(O7:S7) -> 0 | AB7: =SUM(U7:AA7) -> 0 | AG7: =SUM(AC7:AF7) -> 0 | AJ7: =SUM(AH7:AI7) -> 0 | AL7: =AK7+AJ7+AG7+AB7 -> 0 | AM7: =AL7+T7 -> 0 | AN7: =AM7+N7 -> 0 | AP7: =F7*0.4 -> 0 | AQ7: =ROUND(IF($AO7=0,0,(AO7/SUM($AO$7:$AO$8))*(Экскаваторы!$F$20+Экскаваторы!$J$20)),0)*'Сводка внутр.'!$P$1 -> 0 | AT7: 186
B8: инж раб | C8: Caterpillar D-6R №28 | G8: =IF(D8<N8,"!","ок") -> ок | H8: =IF(O8="",0,12-(M8+AM8+K8)) -> 0 | M8: =SUM(I8:J8)+L8 -> 0 | N8: =M8+H8+K8 -> 0 | T8: =SUM(O8:S8) -> 0 | AB8: =SUM(U8:AA8) -> 0 | AG8: =SUM(AC8:AF8) -> 0 | AJ8: =SUM(AH8:AI8) -> 0 | AL8: =AK8+AJ8+AG8+AB8 -> 0 | AM8: =AL8+T8 -> 0 | AN8: =AM8+N8 -> 0 | AP8: =F8*0.4 -> 0 | AR8: =ROUND(AP8*1000*3.2,0) -> 0 | AT8: 9
B9: дороги | C9: Caterpillar 140М №4 | G9: =IF(D9<N9,"!","ок") -> ок | H9: =IF(O9="",0,12-(M9+AM9+K9)) -> 0 | M9: =SUM(I9:J9)+L9 -> 0 | N9: =M9+H9+K9 -> 0 | T9: =SUM(O9:S9) -> 0 | AB9: =SUM(U9:AA9) -> 0 | AG9: =SUM(AC9:AF9) -> 0 | AJ9: =SUM(AH9:AI9) -> 0 | AL9: =AK9+AJ9+AG9+AB9 -> 0 | AM9: =AL9+T9 -> 0 | AN9: =AM9+N9 -> 0 | AP9: =F9*0.4 -> 0 | AR9: =ROUND(AP9*1000*3.2,0) -> 0 | AT9: 4
B10: дороги | C10: Komatsu-825 №5 | G10: =IF(D10<N10,"!","ок") -> ок | H10: =IF(O10="",0,12-(M10+AM10+K10)) -> 0 | M10: =SUM(I10:J10)+L10 -> 0 | N10: =M10+H10+K10 -> 0 | T10: =SUM(O10:S10) -> 0 | AB10: =SUM(U10:AA10) -> 0 | AG10: =SUM(AC10:AF10) -> 0 | AJ10: =SUM(AH10:AI10) -> 0 | AL10: =AK10+AJ10+AG10+AB10 -> 0 | AM10: =AL10+T10 -> 0 | AN10: =AM10+N10 -> 0 | AP10: =F10*0.4 -> 0 | AR10: =ROUND(AP10*1000*3.7,0) -> 0 | AT10: 15
A11: 2 | B11: карьер | C11: Caterpillar D-9R №36 | G11: =IF(D11<N11,"!","ок") -> ок | H11: =IF(O11="",0,12-(M11+AM11+K11)) -> 0 | M11: =SUM(I11:J11)+L11 -> 0 | N11: =M11+H11+K11 -> 0 | T11: =SUM(O11:S11) -> 0 | AB11: =SUM(U11:AA11) -> 0 | AG11: =SUM(AC11:AF11) -> 0 | AJ11: =SUM(AH11:AI11) -> 0 | AL11: =AK11+AJ11+AG11+AB11 -> 0 | AM11: =AL11+T11 -> 0 | AN11: =AM11+N11 -> 0 | AP11: =F11*0.4 -> 0 | AQ11: =ROUND(IF($AO11=0,0,(AO11/SUM($AO$11:$AO$12))*(Экскаваторы!$F$35+Экскаваторы!$J$35)),0)*'Сводка внутр.'!$P$1 -> 0 | AT11: 186
B12: инж раб | C12: Caterpillar D-6R №28 | G12: =IF(D12<N12,"!","ок") -> ок | H12: =IF(O12="",0,12-(M12+AM12+K12)) -> 0 | M12: =SUM(I12:J12)+L12 -> 0 | N12: =M12+H12+K12 -> 0 | T12: =SUM(O12:S12) -> 0 | AB12: =SUM(U12:AA12) -> 0 | AG12: =SUM(AC12:AF12) -> 0 | AJ12: =SUM(AH12:AI12) -> 0 | AL12: =AK12+AJ12+AG12+AB12 -> 0 | AM12: =AL12+T12 -> 0 | AN12: =AM12+N12 -> 0 | AP12: =F12*0.4 -> 0 | AR12: =ROUND(AP12*1000*3.2,0) -> 0 | AT12: 9
B13: дороги | C13: =C9 -> Caterpillar 140М №4 | G13: =IF(D13<N13,"!","ок") -> ок | H13: =IF(O13="",0,12-(M13+AM13+K13)) -> 0 | M13: =SUM(I13:J13)+L13 -> 0 | N13: =M13+H13+K13 -> 0 | T13: =SUM(O13:S13) -> 0 | AB13: =SUM(U13:AA13) -> 0 | AG13: =SUM(AC13:AF13) -> 0 | AJ13: =SUM(AH13:AI13) -> 0 | AL13: =AK13+AJ13+AG13+AB13 -> 0 | AM13: =AL13+T13 -> 0 | AN13: =AM13+N13 -> 0 | AP13: =F13*0.4 -> 0 | AR13: =ROUND(AP13*1000*3.2,0) -> 0 | AT13: 4
B14: дороги | C14: =C10 -> Komatsu-825 №5 | G14: =IF(D14<N14,"!","ок") -> ок | H14: =IF(O14="",0,12-(M14+AM14+K14)) -> 0 | M14: =SUM(I14:J14)+L14 -> 0 | N14: =M14+H14+K14 -> 0 | T14: =SUM(O14:S14) -> 0 | AB14: =SUM(U14:AA14) -> 0 | AG14: =SUM(AC14:AF14) -> 0 | AJ14: =SUM(AH14:AI14) -> 0 | AL14: =AK14+AJ14+AG14+AB14 -> 0 | AM14: =AL14+T14 -> 0 | AN14: =AM14+N14 -> 0 | AP14: =F14*0.4 -> 0 | AR14: =ROUND(AP14*1000*3.7,0) -> 0 | AT14: 15
A15: Сутки | C15: =C7 -> Caterpillar D-9R №36 | D15: =D7+D11 -> 0 | E15: =E7+E11 -> 0 | F15: =F7+F11 -> 0 | H15: =H7+H11 -> 0 | I15: =I7+I11 -> 0 | J15: =J7+J11 -> 0 | K15: =K7+K11 -> 0 | L15: =L7+L11 -> 0 | M15: =M7+M11 -> 0 | N15: =N7+N11 -> 0 | O15: =O7+O11 -> 0 | ... AN15: =AN7+AN11 -> 0 | AQ15: =AQ7+AQ11 -> 0 | AR15: =AR7+AR11 -> 0
C16: =C8 -> Caterpillar D-6R №28 | D16: =D8+D12 -> 0 | E16: =E8+E12 -> 0 | F16: =F8+F12 -> 0 | H16: =H8+H12 -> 0 | I16: =I8+I12 -> 0 | J16: =J8+J12 -> 0 | K16: =K8+K12 -> 0 | L16: =L8+L12 -> 0 | M16: =M8+M12 -> 0 | N16: =N8+N12 -> 0 | O16: =O8+O12 -> 0 | ... AN16: =AN8+AN12 -> 0 | AQ16: =AQ8+AQ12 -> 0 | AR16: =AR8+AR12 -> 0
C17: =C9 -> Caterpillar 140М №4 | D17: =D9+D13 -> 0 | E17: =E9+E13 -> 0 | F17: =F9+F13 -> 0 | H17: =H9+H13 -> 0 | I17: =I9+I13 -> 0 | J17: =J9+J13 -> 0 | K17: =K9+K13 -> 0 | L17: =L9+L13 -> 0 | M17: =M9+M13 -> 0 | N17: =N9+N13 -> 0 | O17: =O9+O13 -> 0 | ... AN17: =AN9+AN13 -> 0 | AQ17: =AQ9+AQ13 -> 0 | AR17: =AR9+AR13 -> 0
C18: =C10 -> Komatsu-825 №5 | D18: =D10+D14 -> 0 | E18: =E10+E14 -> 0 | F18: =F10+F14 -> 0 | H18: =H10+H14 -> 0 | I18: =I10+I14 -> 0 | J18: =J10+J14 -> 0 | K18: =K10+K14 -> 0 | L18: =L10+L14 -> 0 | M18: =M10+M14 -> 0 | N18: =N10+N14 -> 0 | O18: =O10+O14 -> 0 | ... AN18: =AN10+AN14 -> 0 | AQ18: =AQ10+AQ14 -> 0 | AR18: =AR10+AR14 -> 0
C20: Норматив на месяц САТ№28 | D20: 238
C21: Осталось отработать | D21: =D20-D8 -> 238

Sheet Экскаваторы
A1: Смена | B1: Тип погрузочной машины | C1: Марка | D1: Погрузка | K1: Время работы, час. | U1: Итого время погрузки | V1: Технологические простои | AB1: ИТОГО на линии | AC1: Простои, час. | BC1: ИТОГО ПРОСТОИ | BD1: Всего время за смену (д.б.12ч) | BE1: Примечания | BI1: завершение смены диспетчером АТЦ
D2: Внутрикарьерная погрузка (рейсов) | F2: Итого погружено в а/самос внутрикарьерных объёмов., м куб. | G2: Выемка горной массы (рейсов) | I2: Подрядчики (скала) куб м | J2: Итого погружено в а/самос горной массы., м куб. | K2: Отбито г/м бутобоем, м3 | L2: Внутрикарьерная погрузка (россыпь) | M2: Вскрыша россыпь | N2: Время работы двигателя (ВИСТ) | O2: Расход ДТ (ВИСТ), л | P2: Проверка | Q2: Погрузка горной массы | R2: Вспомогательные работы | T2: на рудном складе ЗИФ | V2: Взрывные работы | W2: Заправка | X2: Перегоны | Y2: Планировка подъездов, подготовка забоев | Z2: Чистка | AA2: Итого технологические перерывы | AC2: Планируемые | AH2: Итого планируемые простои | AI2: Не планируемые | BB2: Итого не планируемые простои | BG2: м.куб
D3: 45 т | E3: 55т | G3: 45 т | H3: 55т | AC3: Приём - передачи смены, ежесменное обслуживание | AD3: Обед | AE3: Резерв, без бригады | AF3: ППР | AG3: ТО | AI3: Аварийный ремонт | AQ3: Итого аварийный ремонт | AR3: Отсутствие | AW3: Итого отсутствие | AX3: Условия | AZ3: Итого условия | BA3: Прочие | BF3: 45 т
R4: Работа с бутобоем | S4: Инж. Работы | AI4: ДВС | AJ4: Трансмиссия | AK4: Ходовая часть | AL4: Навесное оборудование | AM4: Электрич. часть | AN4: Гидравлич. часть | AO4: Автошины | AP4: Прочие | AR4: Отсутствие транспорта | AS4: Отсутствие фронта работ | AT4: Отсутствие запчастей | AU4: Отсутствие рем. Персонала | AV4: Отсутствие эл.энергии, ГСМ | AX4: Климатические | AY4: Дорожные
A5: 1 | B5: 2 | C5: 3 | D5: 4 | E5: 5 | F5: 6 | G5: 7 | H5: 8 | I5: 9 | J5: 10 | K5: 11 | L5: 12 | M5: 13 | N5: 14 | O5: 15 | P5: 16 | Q5: 17 | R5: 18 | S5: 19 | T5: 20 | U5: 21 | V5: 22 | W5: 23 | X5: 24 | Y5: 25 | Z5: 26 | AA5: 27 | AB5: 28 | AC5: 29 | AD5: 30 | AE5: 31 | AF5: 32 | AG5: 33 | AH5: 34 | AI5: 35 | AJ5: 36 | AK5: 37 | AL5: 38 | AM5: 39 | AN5: 40 | AO5: 41 | AP5: 42 | AQ5: 43 | AR5: 44 | AS5: 45 | AT5: 46 | AU5: 47 | AV5: 48 | AW5: 49 | AX5: 50 | AY5: 51 | AZ5: 52 | BA5: 53 | BB5: 54 | BC5: 55 | BD5: 56 | BE5: здесь заполнять причины простоев
A6: 1 | B6: Экскаваторы | C6: HITACHI EX-1200 № 22 (Обр) | P6: =IF(N6<AB6,"!","ок") -> ок | Q6: =IF(AC6="",0,12-(R6+S6+T6+AA6+BC6)) -> 0 | U6: =SUM(Q6:T6) -> 0 | AA6: =SUM(V6:Z6) -> 0 | AB6: =AA6+U6 -> 0 | AH6: =SUM(AC6:AG6) -> 0 | AQ6: =SUM(AI6:AP6) -> 0 | AW6: =SUM(AR6:AV6) -> 0 | AZ6: =SUM(AX6:AY6) -> 0 | BB6: =AQ6+AW6+AZ6+BA6 -> 0 | BC6: =BB6+AH6 -> 0 | BD6: =BC6+AB6 -> 0 | BG6: =BF6*14.7*0.95 -> 0 | BH6: 51
C7: HITACHI EX-1200 № 23 (Обр) | P7: =IF(N7<AB7,"!","ок") -> ок | Q7: =IF(AC7="",0,12-(R7+S7+T7+AA7+BC7)) -> 0 | U7: =SUM(Q7:T7) -> 0 | AA7: =SUM(V7:Z7) -> 0 | AB7: =AA7+U7 -> 0 | AH7: =SUM(AC7:AG7) -> 0 | AQ7: =SUM(AI7:AP7) -> 0 | AW7: =SUM(AR7:AV7) -> 0 | AZ7: =SUM(AX7:AY7) -> 0 | BB7: =AQ7+AW7+AZ7+BA7 -> 0 | BC7: =BB7+AH7 -> 0 | BD7: =BC7+AB7 -> 0 | BG7: =BF7*14.7*0.95 -> 0 | BH7: 89
C8: HITACHI EX-1200 № 25 (Обр) | P8: =IF(N8<AB8,"!","ок") -> ок | Q8: =IF(AC8="",0,12-(R8+S8+T8+AA8+BC8)) -> 0 | U8: =SUM(Q8:T8) -> 0 | AA8: =SUM(V8:Z8) -> 0 | AB8: =AA8+U8 -> 0 | AH8: =SUM(AC8:AG8) -> 0 | AQ8: =SUM(AI8:AP8) -> 0 | AW8: =SUM(AR8:AV8) -> 0 | AZ8: =SUM(AX8:AY8) -> 0 | BB8: =AQ8+AW8+AZ8+BA8 -> 0 | BC8: =BB8+AH8 -> 0 | BD8: =BC8+AB8 -> 0 | BH8: 191
C9: HITACHI ZX-470 № 24 (Обр) | P9: =IF(N9<AB9,"!","ок") -> ок | Q9: =IF(AC9="",0,12-(R9+S9+T9+AA9+BC9)) -> 0 | U9: =SUM(Q9:T9) -> 0 | AA9: =SUM(V9:Z9) -> 0 | AB9: =AA9+U9 -> 0 | AH9: =SUM(AC9:AG9) -> 0 | AQ9: =SUM(AI9:AP9) -> 0 | AW9: =SUM(AR9:AV9) -> 0 | AZ9: =SUM(AX9:AY9) -> 0 | BB9: =AQ9+AW9+AZ9+BA9 -> 0 | BC9: =BB9+AH9 -> 0 | BD9: =BC9+AB9 -> 0 | BH9: 150
C10: ЭШ 6/45 №17 | Q10: 0 | S10: =IF($AC10="",0,12-($R10+$T10+$AA10+$BC10)) -> 0 | U10: =SUM(Q10:T10) -> 0 | AA10: =SUM(V10:Z10) -> 0 | AB10: =AA10+U10 -> 0 | AH10: =SUM(AC10:AG10) -> 0 | AQ10: =SUM(AI10:AP10) -> 0 | AW10: =SUM(AR10:AV10) -> 0 | AZ10: =SUM(AX10:AY10) -> 0 | BB10: =AQ10+AW10+AZ10+BA10 -> 0 | BC10: =BB10+AH10 -> 0 | BD10: =BC10+AB10 -> 0 | BG10: =J10 -> 0 | BH10: 45
B11: Погрузчики | C11: CAT-962 №15 | P11: =IF(N11<AB11,"!","ок") -> ок | Q11: =IF(AC11="",0,12-(R11+S11+T11+AA11+BC11)) -> 0 | U11: =SUM(Q11:T11) -> 0 | AA11: =SUM(V11:Z11) -> 0 | AB11: =AA11+U11 -> 0 | AH11: =SUM(AC11:AG11) -> 0 | AQ11: =SUM(AI11:AP11) -> 0 | AW11: =SUM(AR11:AV11) -> 0 | AZ11: =SUM(AX11:AY11) -> 0 | BB11: =AQ11+AW11+AZ11+BA11 -> 0 | BC11: =BB11+AH11 -> 0 | BD11: =BC11+AB11 -> 0 | BG11: =BF11*14.7*0.95 -> 0 | BH11: 58
C12: Shantui SL60W №26 | P12: =IF(N12<AB12,"!","ок") -> ок | Q12: =IF(AC12="",0,12-(R12+S12+T12+AA12+BC12)) -> 0 | U12: =SUM(Q12:T12) -> 0 | AA12: =SUM(V12:Z12) -> 0 | AB12: =AA12+U12 -> 0 | AH12: =SUM(AC12:AG12) -> 0 | AQ12: =SUM(AI12:AP12) -> 0 | AW12: =SUM(AR12:AV12) -> 0 | AZ12: =SUM(AX12:AY12) -> 0 | BB12: =AQ12+AW12+AZ12+BA12 -> 0 | BC12: =BB12+AH12 -> 0 | BD12: =BC12+AB12 -> 0 | BG12: =BF12*14.7*0.95 -> 0 | BH12: 283
C13: CAT-962 №24 | P13: =IF(N13<AB13,"!","ок") -> ок | Q13: =IF(AC13="",0,12-(R13+S13+T13+AA13+BC13)) -> 0 | U13: =SUM(Q13:T13) -> 0 | AA13: =SUM(V13:Z13) -> 0 | AB13: =AA13+U13 -> 0 | AH13: =SUM(AC13:AG13) -> 0 | AQ13: =SUM(AI13:AP13) -> 0 | AW13: =SUM(AR13:AV13) -> 0 | AZ13: =SUM(AX13:AY13) -> 0 | BB13: =AQ13+AW13+AZ13+BA13 -> 0 | BC13: =BB13+AH13 -> 0 | BD13: =BC13+AB13 -> 0 | BG13: =BF13*14.7*0.95 -> 0 | BH13: 183
C14: CAT-988H №16 | P14: =IF(N14<AB14,"!","ок") -> ок | Q14: =IF(AC14="",0,12-(R14+S14+T14+AA14+BC14)) -> 0 | U14: =SUM(Q14:T14) -> 0 | AA14: =SUM(V14:Z14) -> 0 | AB14: =AA14+U14 -> 0 | AH14: =SUM(AC14:AG14) -> 0 | AQ14: =SUM(AI14:AP14) -> 0 | AW14: =SUM(AR14:AV14) -> 0 | AZ14: =SUM(AX14:AY14) -> 0 | BB14: =AQ14+AW14+AZ14+BA14 -> 0 | BC14: =BB14+AH14 -> 0 | BD14: =BC14+AB14 -> 0 | BG14: =BF14*14.7*0.95 -> 0 | BH14: 43
C15: Shantui SL60W №30 | P15: =IF(N15<AB15,"!","ок") -> ок | Q15: =IF(AC15="",0,12-(R15+S15+T15+AA15+BC15)) -> 0 | U15: =SUM(Q15:T15) -> 0 | AA15: =SUM(V15:Z15) -> 0 | AB15: =AA15+U15 -> 0 | AH15: =SUM(AC15:AG15) -> 0 | AQ15: =SUM(AI15:AP15) -> 0 | AW15: =SUM(AR15:AV15) -> 0 | AZ15: =SUM(AX15:AY15) -> 0 | BB15: =AQ15+AW15+AZ15+BA15 -> 0 | BC15: =BB15+AH15 -> 0 | BD15: =BC15+AB15 -> 0 | BG15: =BF15*14.7*0.95 -> 0 | BH15: 284
C16: CAT-988H №31 | P16: =IF(N16<AB16,"!","ок") -> ок | Q16: =IF(AC16="",0,12-(R16+S16+T16+AA16+BC16)) -> 0 | U16: =SUM(Q16:T16) -> 0 | AA16: =SUM(V16:Z16) -> 0 | AB16: =AA16+U16 -> 0 | AH16: =SUM(AC16:AG16) -> 0 | AQ16: =SUM(AI16:AP16) -> 0 | AW16: =SUM(AR16:AV16) -> 0 | AZ16: =SUM(AX16:AY16) -> 0 | BB16: =AQ16+AW16+AZ16+BA16 -> 0 | BC16: =BB16+AH16 -> 0 | BD16: =BC16+AB16 -> 0 | BG16: =BF16*14.7*0.95 -> 0 | BH16: 284
C17: Shantui L58K-B5 №32 | P17: =IF(N17<AB17,"!","ок") -> ок | Q17: =IF(AC17="",0,12-(R17+S17+T17+AA17+BC17)) -> 0 | U17: =SUM(Q17:T17) -> 0 | AA17: =SUM(V17:Z17) -> 0 | AB17: =AA17+U17 -> 0 | AH17: =SUM(AC17:AG17) -> 0 | AQ17: =SUM(AI17:AP17) -> 0 | AW17: =SUM(AR17:AV17) -> 0 | AZ17: =SUM(AX17:AY17) -> 0 | BB17: =AQ17+AW17+AZ17+BA17 -> 0 | BC17: =BB17+AH17 -> 0 | BD17: =BC17+AB17 -> 0 | BG17: =BF17*14.7*0.95 -> 0 | BH17: 286
C18: Подрядчик (вывозка горной массы) | BG18: =BF18*14.7*0.95 -> 0
B19: Итого за 1см | C19: рейсов/часов/м3 | D19: =SUM(D6:D18) -> 0 | E19: =SUM(E6:E18) -> 0 | F19: =SUM(F6:F18) -> 0 | G19: =SUM(G6:G18) -> 0 | H19: =SUM(H6:H18) -> 0 | J19: =SUM(G19:H19) -> 0 | L19: =SUM(L8:L17) -> 0 | M19: =SUM(M8:M17) -> 0 | N19: =SUM(N8:N17) -> 0 | O19: =SUM(O8:O17) -> 0 | Q19: =SUM(Q8:Q17) -> 0 | R19: =SUM(R8:R17) -> 0 | S19: =SUM(S8:S17) -> 0 | T19: =SUM(T8:T17) -> 0 | U19: =SUM(U8:U17) -> 0 | V19: =SUM(V6:V18) -> 0 | W19: =SUM(W6:W18) -> 0 | X19: =SUM(X6:X18) -> 0 | Y19: =SUM(Y6:Y18) -> 0 | Z19: =SUM(Z6:Z18) -> 0 | AA19: =SUM(AA6:AA18) -> 0 | AB19: =SUM(AB6:AB18) -> 0 | AC19: =SUM(AC8:AC17) -> 0 | AD19: =SUM(AD8:AD17) -> 0 | AE19: =SUM(AE8:AE17) -> 0 | AF19: =SUM(AF8:AF17) -> 0 | AG19: =SUM(AG8:AG17) -> 0 | AH19: =SUM(AH8:AH17) -> 0 | AI19: =SUM(AI8:AI17) -> 0 | AJ19: =SUM(AJ8:AJ17) -> 0 | ... BD19: =SUM(BD8:BD17) -> 0 | BF19: =SUM(BF10:BF18) -> 0 | BG19: =BF19*15*0.9 -> 0
C20: м куб | F20: =SUM(F8:F17) -> 0 | I20: =SUM(I8:I17) -> 0 | J20: =SUM(J6:J9,J10:J17) -> 0 | K20: =SUM(K6:K18) -> 0
A21: 2 | B21: Экскаваторы | C21: HITACHI EX-1200 № 22 (Обр) | P21: =IF(N21<AB21,"!","ок") -> ок | Q21: =IF(AC21="",0,12-(R21+S21+T21+AA21+BC21)) -> 0 | U21: =SUM(Q21:T21) -> 0 | AA21: =SUM(V21:Z21) -> 0 | AB21: =AA21+U21 -> 0 | AH21: =SUM(AC21:AG21) -> 0 | AQ21: =SUM(AI21:AP21) -> 0 | AW21: =SUM(AR21:AV21) -> 0 | AZ21: =SUM(AX21:AY21) -> 0 | BB21: =AQ21+AW21+AZ21+BA21 -> 0 | BC21: =BB21+AH21 -> 0 | BD21: =BC21+AB21 -> 0 | BG21: =BF21*14.7*0.95 -> 0 | BH21: 51
C22: HITACHI EX-1200 № 23 (Обр) | P22: =IF(N22<AB22,"!","ок") -> ок | Q22: =IF(AC22="",0,12-(R22+S22+T22+AA22+BC22)) -> 0 | U22: =SUM(Q22:T22) -> 0 | AA22: =SUM(V22:Z22) -> 0 | AB22: =AA22+U22 -> 0 | AH22: =SUM(AC22:AG22) -> 0 | AQ22: =SUM(AI22:AP22) -> 0 | AW22: =SUM(AR22:AV22) -> 0 | AZ22: =SUM(AX22:AY22) -> 0 | BB22: =AQ22+AW22+AZ22+BA22 -> 0 | BC22: =BB22+AH22 -> 0 | BD22: =BC22+AB22 -> 0 | BG22: =BF22*14.7*0.95 -> 0 | BH22: 89
C23: HITACHI EX-1200 № 25 (Обр) | P23: =IF(N23<AB23,"!","ок") -> ок | Q23: =IF(AC23="",0,12-(R23+S23+T23+AA23+BC23)) -> 0 | U23: =SUM(Q23:T23) -> 0 | AA23: =SUM(V23:Z23) -> 0 | AB23: =AA23+U23 -> 0 | AH23: =SUM(AC23:AG23) -> 0 | AQ23: =SUM(AI23:AP23) -> 0 | AW23: =SUM(AR23:AV23) -> 0 | AZ23: =SUM(AX23:AY23) -> 0 | BB23: =AQ23+AW23+AZ23+BA23 -> 0 | BC23: =BB23+AH23 -> 0 | BD23: =BC23+AB23 -> 0 | BH23: 191
C24: HITACHI ZX-470 № 24 (Обр) | P24: =IF(N24<AB24,"!","ок") -> ок | Q24: =IF(AC24="",0,12-(R24+S24+T24+AA24+BC24)) -> 0 | U24: =SUM(Q24:T24) -> 0 | AA24: =SUM(V24:Z24) -> 0 | AB24: =AA24+U24 -> 0 | AH24: =SUM(AC24:AG24) -> 0 | AQ24: =SUM(AI24:AP24) -> 0 | AW24: =SUM(AR24:AV24) -> 0 | AZ24: =SUM(AX24:AY24) -> 0 | BB24: =AQ24+AW24+AZ24+BA24 -> 0 | BC24: =BB24+AH24 -> 0 | BD24: =BC24+AB24 -> 0 | BH24: 150
C25: ЭШ 6/45 №17 | Q25: 0 | S25: =IF($AC25="",0,12-($R25+$T25+$AA25+$BC25)) -> 0 | U25: =SUM(Q25:T25) -> 0 | AA25: =SUM(V25:Z25) -> 0 | AB25: =AA25+U25 -> 0 | AH25: =SUM(AC25:AG25) -> 0 | AQ25: =SUM(AI25:AP25) -> 0 | AW25: =SUM(AR25:AV25) -> 0 | AZ25: =SUM(AX25:AY25) -> 0 | BB25: =AQ25+AW25+AZ25+BA25 -> 0 | BC25: =BB25+AH25 -> 0 | BD25: =BC25+AB25 -> 0 | BG25: =J25 -> 0 | BH25: 45
B26: Погрузчики | C26: CAT-962 №15 | P26: =IF(N26<AB26,"!","ок") -> ок | Q26: =IF(AC26="",0,12-(R26+S26+T26+AA26+BC26)) -> 0 | U26: =SUM(Q26:T26) -> 0 | AA26: =SUM(V26:Z26) -> 0 | AB26: =AA26+U26 -> 0 | AH26: =SUM(AC26:AG26) -> 0 | AQ26: =SUM(AI26:AP26) -> 0 | AW26: =SUM(AR26:AV26) -> 0 | AZ26: =SUM(AX26:AY26) -> 0 | BB26: =AQ26+AW26+AZ26+BA26 -> 0 | BC26: =BB26+AH26 -> 0 | BD26: =BC26+AB26 -> 0 | BG26: =BF26*14.7*0.95 -> 0 | BH26: 58
C27: Shantui SL60W №26 | P27: =IF(N27<AB27,"!","ок") -> ок | Q27: =IF(AC27="",0,12-(R27+S27+T27+AA27+BC27)) -> 0 | U27: =SUM(Q27:T27) -> 0 | AA27: =SUM(V27:Z27) -> 0 | AB27: =AA27+U27 -> 0 | AH27: =SUM(AC27:AG27) -> 0 | AQ27: =SUM(AI27:AP27) -> 0 | AW27: =SUM(AR27:AV27) -> 0 | AZ27: =SUM(AX27:AY27) -> 0 | BB27: =AQ27+AW27+AZ27+BA27 -> 0 | BC27: =BB27+AH27 -> 0 | BD27: =BC27+AB27 -> 0 | BG27: =BF27*14.7*0.95 -> 0 | BH27: 283
C28: CAT-962 №24 | P28: =IF(N28<AB28,"!","ок") -> ок | Q28: =IF(AC28="",0,12-(R28+S28+T28+AA28+BC28)) -> 0 | U28: =SUM(Q28:T28) -> 0 | AA28: =SUM(V28:Z28) -> 0 | AB28: =AA28+U28 -> 0 | AH28: =SUM(AC28:AG28) -> 0 | AQ28: =SUM(AI28:AP28) -> 0 | AW28: =SUM(AR28:AV28) -> 0 | AZ28: =SUM(AX28:AY28) -> 0 | BB28: =AQ28+AW28+AZ28+BA28 -> 0 | BC28: =BB28+AH28 -> 0 | BD28: =BC28+AB28 -> 0 | BG28: =BF28*14.7*0.95 -> 0 | BH28: 183
C29: CAT-988H №16 | P29: =IF(N29<AB29,"!","ок") -> ок | Q29: =IF(AC29="",0,12-(R29+S29+T29+AA29+BC29)) -> 0 | U29: =SUM(Q29:T29) -> 0 | AA29: =SUM(V29:Z29) -> 0 | AB29: =AA29+U29 -> 0 | AH29: =SUM(AC29:AG29) -> 0 | AQ29: =SUM(AI29:AP29) -> 0 | AW29: =SUM(AR29:AV29) -> 0 | AZ29: =SUM(AX29:AY29) -> 0 | BB29: =AQ29+AW29+AZ29+BA29 -> 0 | BC29: =BB29+AH29 -> 0 | BD29: =BC29+AB29 -> 0 | BG29: =BF29*14.7*0.95 -> 0 | BH29: 43
C30: Shantui SL60W №30 | P30: =IF(N30<AB30,"!","ок") -> ок | Q30: =IF(AC30="",0,12-(R30+S30+T30+AA30+BC30)) -> 0 | U30: =SUM(Q30:T30) -> 0 | AA30: =SUM(V30:Z30) -> 0 | AB30: =AA30+U30 -> 0 | AH30: =SUM(AC30:AG30) -> 0 | AQ30: =SUM(AI30:AP30) -> 0 | AW30: =SUM(AR30:AV30) -> 0 | AZ30: =SUM(AX30:AY30) -> 0 | BB30: =AQ30+AW30+AZ30+BA30 -> 0 | BC30: =BB30+AH30 -> 0 | BD30: =BC30+AB30 -> 0 | BG30: =BF30*14.7*0.95 -> 0 | BH30: 284
C31: CAT-988H №31 | P31: =IF(N31<AB31,"!","ок") -> ок | Q31: =IF(AC31="",0,12-(R31+S31+T31+AA31+BC31)) -> 0 | U31: =SUM(Q31:T31) -> 0 | AA31: =SUM(V31:Z31) -> 0 | AB31: =AA31+U31 -> 0 | AH31: =SUM(AC31:AG31) -> 0 | AQ31: =SUM(AI31:AP31) -> 0 | AW31: =SUM(AR31:AV31) -> 0 | AZ31: =SUM(AX31:AY31) -> 0 | BB31: =AQ31+AW31+AZ31+BA31 -> 0 | BC31: =BB31+AH31 -> 0 | BD31: =BC31+AB31 -> 0 | BG31: =BF31*14.7*0.95 -> 0 | BH31: 284
C32: Shantui L58K-B5 №32 | P32: =IF(N32<AB32,"!","ок") -> ок | Q32: =IF(AC32="",0,12-(R32+S32+T32+AA32+BC32)) -> 0 | U32: =SUM(Q32:T32) -> 0 | AA32: =SUM(V32:Z32) -> 0 | AB32: =AA32+U32 -> 0 | AH32: =SUM(AC32:AG32) -> 0 | AQ32: =SUM(AI32:AP32) -> 0 | AW32: =SUM(AR32:AV32) -> 0 | AZ32: =SUM(AX32:AY32) -> 0 | BB32: =AQ32+AW32+AZ32+BA32 -> 0 | BC32: =BB32+AH32 -> 0 | BD32: =BC32+AB32 -> 0 | BG32: =BF32*14.7*0.95 -> 0 | BH32: 286
C33: Подрядчик (вывозка горной массы) | BG33: =BF33*14.7*0.95 -> 0
B34: Итого за 2см | C34: рейсов/часов/м3 | D34: =SUM(D21:D33) -> 0 | E34: =SUM(E21:E33) -> 0 | F34: =SUM(F21:F33) -> 0 | G34: =SUM(G21:G33) -> 0 | H34: =SUM(H21:H33) -> 0 | J34: =SUM(G34:H34) -> 0 | L34: =SUM(L23:L32) -> 0 | M34: =SUM(M23:M32) -> 0 | N34: =SUM(N23:N32) -> 0 | O34: =SUM(O23:O32) -> 0 | P34: =SUM(P23:P32) -> 0 | Q34: =SUM(Q23:Q32) -> 0 | R34: =SUM(R23:R32) -> 0 | S34: =SUM(S23:S32) -> 0 | ... BD34: =SUM(BD23:BD32) -> 0 | BF34: =SUM(BF21:BF33) -> 0 | BG34: =BF34*14.7*0.95 -> 0
C35: м куб | F35: =SUM(F23:F32) -> 0 | I35: =SUM(I21:I32) -> 0 | J35: =SUM(J21:J24,J25:J32) -> 0 | K35: =SUM(K21:K33) -> 0
A36: Сутки | B36: Экскаваторы | C36: CAT-988G №7 | D36: =D6+D21 -> 0 | E36: =E6+E21 -> 0 | F36: =F6+F21 -> 0 | G36: =G6+G21 -> 0 | H36: =H6+H21 -> 0 | I36: =I6+I21 -> 0 | J36: =J6+J21 -> 0 | L36: =L6+L21 -> 0 | M36: =M6+M21 -> 0 | N36: =N6+N21 -> 0 | O36: =O6+O21 -> 0 | Q36: =Q6+Q21 -> 0 | R36: =R6+R21 -> 0 | S36: =S6+S21 -> 0 | T36: =T6+T21 -> 0 | U36: =U6+U21 -> 0 | V36: =V6+V21 -> 0 | W36: =W6+W21 -> 0 | X36: =X6+X21 -> 0 | ... BD36: =BD6+BD21 -> 0 | BF36: =BF6+BF21 -> 0 | BG36: =BF36*14.7*0.95 -> 0
C37: HITACHI EX-1200 № 23 (Обр) | D37: =D7+D22 -> 0 | E37: =E7+E22 -> 0 | F37: =F7+F22 -> 0 | G37: =G7+G22 -> 0 | H37: =H7+H22 -> 0 | I37: =I7+I22 -> 0 | J37: =J7+J22 -> 0 | L37: =L7+L22 -> 0 | M37: =M7+M22 -> 0 | N37: =N7+N22 -> 0 | O37: =O7+O22 -> 0 | Q37: =Q7+Q22 -> 0 | R37: =R7+R22 -> 0 | S37: =S7+S22 -> 0 | T37: =T7+T22 -> 0 | U37: =U7+U22 -> 0 | V37: =V7+V22 -> 0 | W37: =W7+W22 -> 0 | X37: =X7+X22 -> 0 | ... BD37: =BD7+BD22 -> 0 | BF37: =BF7+BF22 -> 0 | BG37: =BF37*14.7*0.95 -> 0
C38: HITACHI EX-1200 № 25 (Обр) | D38: =D8+D23 -> 0 | E38: =E8+E23 -> 0 | F38: =F8+F23 -> 0 | G38: =G8+G23 -> 0 | H38: =H8+H23 -> 0 | I38: =I8+I23 -> 0 | J38: =J8+J23 -> 0 | L38: =L8+L23 -> 0 | M38: =M8+M23 -> 0 | N38: =N8+N23 -> 0 | O38: =O8+O23 -> 0 | Q38: =Q8+Q23 -> 0 | R38: =R8+R23 -> 0 | S38: =S8+S23 -> 0 | T38: =T8+T23 -> 0 | U38: =U8+U23 -> 0 | V38: =V8+V23 -> 0 | W38: =W8+W23 -> 0 | X38: =X8+X23 -> 0 | ... BD38: =BD8+BD23 -> 0
C39: HITACHI ZX-470 № 24 (Обр) | D39: =D9+D24 -> 0 | E39: =E9+E24 -> 0 | F39: =F9+F24 -> 0 | G39: =G9+G24 -> 0 | H39: =H9+H24 -> 0 | I39: =I9+I24 -> 0 | J39: =J9+J24 -> 0 | L39: =L9+L24 -> 0 | M39: =M9+M24 -> 0 | N39: =N9+N24 -> 0 | O39: =O9+O24 -> 0 | Q39: =Q9+Q24 -> 0 | R39: =R9+R24 -> 0 | S39: =S9+S24 -> 0 | T39: =T9+T24 -> 0 | U39: =U9+U24 -> 0 | V39: =V9+V24 -> 0 | W39: =W9+W24 -> 0 | X39: =X9+X24 -> 0 | ... BD39: =BD9+BD24 -> 0
C40: ЭШ 6/45 №17 | J40: =J10+J25 -> 0 | Q40: =Q10+Q25 -> 0 | R40: =R10+R25 -> 0 | S40: =S10+S25 -> 0 | T40: =T10+T25 -> 0 | U40: =U10+U25 -> 0 | V40: =V10+V25 -> 0 | W40: =W10+W25 -> 0 | X40: =X10+X25 -> 0 | ... BD40: =BD10+BD25 -> 0 | BF40: =BF10+BF25 -> 0 | BG40: =BG10+BG25 -> 0
B41: Погрузчики | C41: CAT-962 №15 | D41: =D11+D26 -> 0 | E41: =E11+E26 -> 0 | F41: =F11+F26 -> 0 | G41: =G11+G26 -> 0 | H41: =H11+H26 -> 0 | I41: =I11+I26 -> 0 | J41: =J11+J26 -> 0 | L41: =L11+L26 -> 0 | M41: =M11+M26 -> 0 | N41: =N11+N26 -> 0 | O41: =O11+O26 -> 0 | Q41: =Q11+Q26 -> 0 | R41: =R11+R26 -> 0 | S41: =S11+S26 -> 0 | T41: =T11+T26 -> 0 | U41: =U11+U26 -> 0 | V41: =V11+V26 -> 0 | W41: =W11+W26 -> 0 | X41: =X11+X26 -> 0 | ... BD41: =BD11+BD26 -> 0 | BF41: =BF11+BF26 -> 0 | BG41: =BG11+BG26 -> 0
C42: Shantui SL60W №26 | D42: =D12+D27 -> 0 | E42: =E12+E27 -> 0 | F42: =F12+F27 -> 0 | G42: =G12+G27 -> 0 | H42: =H12+H27 -> 0 | I42: =I12+I27 -> 0 | J42: =J12+J27 -> 0 | L42: =L12+L27 -> 0 | M42: =M12+M27 -> 0 | N42: =N12+N27 -> 0 | O42: =O12+O27 -> 0 | Q42: =Q12+Q27 -> 0 | R42: =R12+R27 -> 0 | S42: =S12+S27 -> 0 | T42: =T12+T27 -> 0 | U42: =U12+U27 -> 0 | V42: =V12+V27 -> 0 | W42: =W12+W27 -> 0 | X42: =X12+X27 -> 0 | ... BD42: =BD12+BD27 -> 0 | BF42: =BF12+BF27 -> 0 | BG42: =BG12+BG27 -> 0
C43: CAT-962 №24 | D43: =D13+D28 -> 0 | E43: =E13+E28 -> 0 | F43: =F13+F28 -> 0 | G43: =G13+G28 -> 0 | H43: =H13+H28 -> 0 | I43: =I13+I28 -> 0 | J43: =J13+J28 -> 0 | L43: =L13+L28 -> 0 | M43: =M13+M28 -> 0 | N43: =N13+N28 -> 0 | O43: =O13+O28 -> 0 | Q43: =Q13+Q28 -> 0 | R43: =R13+R28 -> 0 | S43: =S13+S28 -> 0 | T43: =T13+T28 -> 0 | U43: =U13+U28 -> 0 | V43: =V13+V28 -> 0 | W43: =W13+W28 -> 0 | X43: =X13+X28 -> 0 | ... BD43: =BD13+BD28 -> 0 | BF43: =BF13+BF28 -> 0 | BG43: =BG13+BG28 -> 0
C44: CAT-988H №16 | D44: =D14+D29 -> 0 | E44: =E14+E29 -> 0 | F44: =F14+F29 -> 0 | G44: =G14+G29 -> 0 | H44: =H14+H29 -> 0 | I44: =I14+I29 -> 0 | J44: =J14+J29 -> 0 | L44: =L14+L29 -> 0 | M44: =M14+M29 -> 0 | N44: =N14+N29 -> 0 | O44: =O14+O29 -> 0 | Q44: =Q14+Q29 -> 0 | R44: =R14+R29 -> 0 | S44: =S14+S29 -> 0 | T44: =T14+T29 -> 0 | U44: =U14+U29 -> 0 | V44: =V14+V29 -> 0 | W44: =W14+W29 -> 0 | X44: =X14+X29 -> 0 | ... BD44: =BD14+BD29 -> 0 | BF44: =BF14+BF29 -> 0 | BG44: =BG14+BG29 -> 0
C45: Shantui SL60W №30 | D45: =D15+D30 -> 0 | E45: =E15+E30 -> 0 | F45: =F15+F30 -> 0 | G45: =G15+G30 -> 0 | H45: =H15+H30 -> 0 | I45: =I15+I30 -> 0 | J45: =J15+J30 -> 0 | L45: =L15+L30 -> 0 | M45: =M15+M30 -> 0 | N45: =N15+N30 -> 0 | O45: =O15+O30 -> 0 | Q45: =Q15+Q30 -> 0 | R45: =R15+R30 -> 0 | S45: =S15+S30 -> 0 | T45: =T15+T30 -> 0 | U45: =U15+U30 -> 0 | V45: =V15+V30 -> 0 | W45: =W15+W30 -> 0 | X45: =X15+X30 -> 0 | ... BD45: =BD15+BD30 -> 0 | BF45: =BF15+BF30 -> 0 | BG45: =BG15+BG30 -> 0
C46: CAT-988H №31 | D46: =D16+D31 -> 0 | E46: =E16+E31 -> 0 | F46: =F16+F31 -> 0 | G46: =G16+G31 -> 0 | H46: =H16+H31 -> 0 | I46: =I16+I31 -> 0 | J46: =J16+J31 -> 0 | L46: =L16+L31 -> 0 | M46: =M16+M31 -> 0 | N46: =N16+N31 -> 0 | O46: =O16+O31 -> 0 | Q46: =Q16+Q31 -> 0 | R46: =R16+R31 -> 0 | S46: =S16+S31 -> 0 | T46: =T16+T31 -> 0 | U46: =U16+U31 -> 0 | V46: =V16+V31 -> 0 | W46: =W16+W31 -> 0 | X46: =X16+X31 -> 0 | ... BD46: =BD16+BD31 -> 0 | BF46: =BF16+BF31 -> 0 | BG46: =BG16+BG31 -> 0
C47: Shantui L58K-B5 №32 | D47: =D17+D32 -> 0 | E47: =E17+E32 -> 0 | F47: =F17+F32 -> 0 | G47: =G17+G32 -> 0 | H47: =H17+H32 -> 0 | I47: =I17+I32 -> 0 | J47: =J17+J32 -> 0 | L47: =L17+L32 -> 0 | M47: =M17+M32 -> 0 | N47: =N17+N32 -> 0 | O47: =O17+O32 -> 0 | Q47: =Q17+Q32 -> 0 | R47: =R17+R32 -> 0 | S47: =S17+S32 -> 0 | T47: =T17+T32 -> 0 | U47: =U17+U32 -> 0 | V47: =V17+V32 -> 0 | W47: =W17+W32 -> 0 | X47: =X17+X32 -> 0 | ... BD47: =BD17+BD32 -> 0 | BF47: =BF17+BF32 -> 0 | BG47: =BG17+BG32 -> 0
C48: Подрядчик (вывозка горной массы) | I48: =I18+I33 -> 0 | BF48: =#REF!+BF33 -> #REF! | BG48: =#REF!+BG33 -> #REF!
B49: Всего за сут. | C49: рейсов/часов/м3 | D49: =D19+D34 -> 0 | E49: =E19+E34 -> 0 | F49: =F19+F34 -> 0 | G49: =G19+G34 -> 0 | H49: =H19+H34 -> 0 | J49: =J19+J34 -> 0 | L49: =L19+L34 -> 0 | M49: =M19+M34 -> 0 | N49: =N19+N34 -> 0 | O49: =O19+O34 -> 0 | Q49: =Q19+Q34 -> 0 | R49: =R19+R34 -> 0 | S49: =S19+S34 -> 0 | T49: =T19+T34 -> 0 | U49: =U19+U34 -> 0 | V49: =V19+V34 -> 0 | W49: =W19+W34 -> 0 | X49: =X19+X34 -> 0 | ... BD49: =BD19+BD34 -> 0 | BF49: =BF19+BF34 -> 0 | BG49: =BG19+BG34 -> 0
C50: м куб | F50: =F20+F35 -> 0 | I50: =I20+I35 -> 0 | J50: =J20+J35 -> 0 | K50: =K20+K35 -> 0

Sheet Бурение
B1: БВР | F1: Геологическое бурени
B2: Смена | C2: Тип бурового станка | D2: Объем работ | F2: Тип бурового станка | G2: Объем работ
B3: 1 | C3: 2 | D3: 3 | E3: 1смена | F3: ШRАММ №8
A4: 72 | B4: 1 | C4: ='Суточный рапорт'!$A$84 -> DM-45 | F4: Eider 1100S №2
A5: 12 | C5: ='Суточный рапорт'!$A$87 -> DI-550 | F5: Eider 1100S №6
A6: 11 | C6: УРБ-19 | F6: УРБ №3
A7: 13 | C7: ='Суточный рапорт'!$A$93 -> DI-500 | F7: УРБ №4
C8: Titon | F8: УРБ №5
C9: Итого за 1см | D9: =SUM(D4:D8) -> 0 | F9: УРБ №7
A10: 72 | B10: 2 | C10: ='Суточный рапорт'!$A$84 -> DM-45 | F10: LF №12
A11: 12 | C11: ='Суточный рапорт'!$A$87 -> DI-550 | F11: W219 №14
A12: 11 | C12: УРБ-19 | F12: СКБ
A13: 13 | C13: ='Суточный рапорт'!$A$93 -> DI-500 | F13: УГСЭ
C14: Titon | F14: Boart Longyear №11
C15: Итого за 2см | D15: =SUM(D10:D14) -> 0 | F15: Boart Longyear №10
C16: ='Суточный рапорт'!$A$84 -> DM-45 | D16: =D4+D10 -> 0 | F16: ГеоСтройИндустрия
C17: ='Суточный рапорт'!$A$87 -> DI-550 | D17: =D5+D11 -> 0 | E17: 2смена | F17: ШRАММ №8
C18: УРБ-19 | D18: =D6+D12 -> 0 | F18: Eider 1100S №2
C19: ='Суточный рапорт'!$A$93 -> DI-500 | D19: =D7+D13 -> 0 | F19: Eider 1100S №6
C20: Triton | D20: =D8+D14 -> 0 | F20: УРБ №3
C21: Всего за сут. | D21: =D9+D15 -> 0 | F21: УРБ №4
F22: УРБ №5
F23: УРБ №7
F24: LF №12
F25: W219 №14
F26: СКБ
F27: УГСЭ
F28: Boart Longyear №11
F29: Boart Longyear №10
F30: ГеоСтройИндустрия
E31: сутки | F31: ШRАММ №8 | G31: =G17+G3 -> 0
F32: Eider 1100S №2 | G32: =G18+G4 -> 0
F33: Eider 1100S №6 | G33: =G19+G5 -> 0
F34: УРБ №3 | G34: =G20+G6 -> 0
F35: УРБ №4 | G35: =G21+G7 -> 0
F36: УРБ №5 | G36: =G22+G8 -> 0
F37: УРБ №7 | G37: =G23+G9 -> 0
F38: LF №12 | G38: =G24+G10 -> 0
F39: W219 №14 | G39: =G25+G11 -> 0
F40: СКБ | G40: =G26+G12 -> 0
F41: УГСЭ | G41: =G27+G13 -> 0
F42: Boart Longyear №11 | G42: =G28+G14 -> 0
F43: Boart Longyear №10 | G43: =G29+G15 -> 0
F44: ГеоСтройИндустрия | G44: =G30+G16 -> 0

Sheet Сводка внутр.
A1: Внутренняя сводка по горным работам | P1: 0.96
A2: Карьер | P2: 0.9
A3: № п/п | B3: Наименование работ | C3: ед. изм. | D3: Сутки | H3: Время, час.
D4: план | E4: факт | F4: откл. (+,-) | G4: выполнение, % | H4: В работе | J4: В ремонте | L4: Простои | N4: в т.ч.без бриг
H5: 1 смена | I5: 2 смена | J5: 1 смена | K5: 2 смена | L5: 1 смена | M5: 2 смена | N5: 1 смена | O5: 2 смена
A6: 1 | B6: 2 | C6: 3 | D6: 4 | E6: 5 | F6: 6 | G6: 7 | H6: 8 | I6: 9 | J6: 10 | K6: 11 | L6: 12 | M6: 13 | N6: 14 | O6: 15
A7: 1 | B7: Погрузка г/м (с внутрик. погрузкой) | C7: м3 | E7: =E8+E32 -> 0
A8: 2 | B8: Выемка из карьеров | C8: м3 | E8: =ROUND(Экскаваторы!J50*$P$1+Экскаваторы!I50,0) -> 0
B9: в т.ч. вскрыша: | C9: м3 | E9: =E8-E13-E14 -> 0
B10: в т.ч. вскрыша ЮВК: | C10: м3 | D10: =ROUND('БелАЗы '!BR29,0) -> 0 | E10: =D10*$P$1 -> 0
B11: вскрыша Западный участок: | C11: м3 | E11: =E9-E10 -> 0
B12: - строительные нужды | C12: м3 | E12: =ROUND(Экскаваторы!I48*$P$1,0) -> 0
B13: добыча - окисленная руда | C13: м3 | E13: 0
B14: добыча - первичная руда | C14: м3 | E14: =ROUND('БелАЗы '!E29*$P$1,0) -> 0
A15: 3 | B15: VOLVO EC 380 DL | C15: м3 | E15: =ROUND(Экскаваторы!J36*$P$1+Экскаваторы!I36,0) -> 0 | H15: =Экскаваторы!U6 -> 0 | I15: =Экскаваторы!U21 -> 0 | J15: =Экскаваторы!AQ6+Экскаваторы!AG6+Экскаваторы!AF6 -> 0 | K15: =Экскаваторы!AQ21+Экскаваторы!AG21+Экскаваторы!AF21 -> 0 | L15: =Экскаваторы!AA6+Экскаваторы!AC6+Экскаваторы!AE6+Экскаваторы!AW6+Экскаваторы!AZ6+Экскаваторы!BA6 -> 0 | M15: =Экскаваторы!AA21+Экскаваторы!AC21+Экскаваторы!AE21+Экскаваторы!AW21+Экскаваторы!AZ21+Экскаваторы!BA21 -> 0 | N15: =Экскаваторы!AE6 -> 0 | O15: =Экскаваторы!AE21 -> 0
B16: HITACHI EX-1200 № 23 (Обр) | C16: м3 | E16: =ROUND(Экскаваторы!J37*$P$1+Экскаваторы!I37,0) -> 0 | H16: =Экскаваторы!U7 -> 0 | I16: =Экскаваторы!U22 -> 0 | J16: =Экскаваторы!AQ7+Экскаваторы!AG7+Экскаваторы!AF7 -> 0 | K16: =Экскаваторы!AQ22+Экскаваторы!AG22+Экскаваторы!AF22 -> 0 | L16: =Экскаваторы!AA7+Экскаваторы!AC7+Экскаваторы!AE7+Экскаваторы!AW7+Экскаваторы!AZ7+Экскаваторы!BA7 -> 0 | M16: =Экскаваторы!AA22+Экскаваторы!AC22+Экскаваторы!AE22+Экскаваторы!AW22+Экскаваторы!AZ22+Экскаваторы!BA22 -> 0 | N16: =Экскаваторы!AE7 -> 0 | O16: =Экскаваторы!AE22 -> 0
B17: HITACHI EX-1200 № 25 (Обр.) | C17: м3 | E17: =ROUND(Экскаваторы!J38*$P$1+Экскаваторы!I38,0) -> 0 | H17: =Экскаваторы!U8 -> 0 | I17: =Экскаваторы!U23 -> 0 | J17: =Экскаваторы!AQ8+Экскаваторы!AG8+Экскаваторы!AF8 -> 0 | K17: =Экскаваторы!AQ23+Экскаваторы!AG23+Экскаваторы!AF23 -> 0 | L17: =Экскаваторы!AA8+Экскаваторы!AC8+Экскаваторы!AE8+Экскаваторы!AW8+Экскаваторы!AZ8+Экскаваторы!BA8 -> 0 | M17: =Экскаваторы!AA23+Экскаваторы!AC23+Экскаваторы!AE23+Экскаваторы!AW23+Экскаваторы!AZ23+Экскаваторы!BA23 -> 0 | N17: =Экскаваторы!AE8 -> 0 | O17: =Экскаваторы!AE23 -> 0
B18: HITACHI ZX-470 № 24 (Обр) | C18: м3 | E18: =ROUND(Экскаваторы!J39*$P$1+Экскаваторы!I39,0) -> 0 | H18: =Экскаваторы!U9 -> 0 | I18: =Экскаваторы!U24 -> 0 | J18: =Экскаваторы!AQ9+Экскаваторы!AG9+Экскаваторы!AF9 -> 0 | K18: =Экскаваторы!AQ24+Экскаваторы!AG24+Экскаваторы!AF24 -> 0 | L18: =Экскаваторы!AA9+Экскаваторы!AC9+Экскаваторы!AE9+Экскаваторы!AW9+Экскаваторы!AZ9+Экскаваторы!BA9 -> 0 | M18: =Экскаваторы!AA24+Экскаваторы!AC24+Экскаваторы!AE24+Экскаваторы!AW24+Экскаваторы!AZ24+Экскаваторы!BA24 -> 0 | N18: =Экскаваторы!AE9 -> 0 | O18: =Экскаваторы!AE24 -> 0
B19: CAT-988H №16 | C19: м3 | E19: =ROUND(Экскаваторы!J44*$P$1+Экскаваторы!I44,0) -> 0 | H19: =Экскаваторы!U14 -> 0 | I19: =Экскаваторы!U29 -> 0 | J19: =Экскаваторы!AQ14+Экскаваторы!AG14+Экскаваторы!AF14 -> 0 | K19: =Экскаваторы!AQ29+Экскаваторы!AG29+Экскаваторы!AF29 -> 0 | L19: =Экскаваторы!AA14+Экскаваторы!AC14+Экскаваторы!AE14+Экскаваторы!AW14+Экскаваторы!AZ14+Экскаваторы!BA14 -> 0 | M19: =Экскаваторы!AA29+Экскаваторы!AC29+Экскаваторы!AE29+Экскаваторы!AW29+Экскаваторы!AZ29+Экскаваторы!BA29 -> 0 | N19: =Экскаваторы!AE14 -> 0 | O19: =Экскаваторы!AE29 -> 0
B20: Volvo L120GZ №25 | C20: м3 | E20: =ROUND(Экскаваторы!J43*$P$1+Экскаваторы!I43,0) -> 0 | H20: =Экскаваторы!U13 -> 0 | I20: =Экскаваторы!U28 -> 0 | J20: =Экскаваторы!AQ13+Экскаваторы!AG13+Экскаваторы!AF13 -> 0 | K20: =Экскаваторы!AQ28+Экскаваторы!AG28+Экскаваторы!AF28 -> 0 | L20: =Экскаваторы!AA13+Экскаваторы!AC13+Экскаваторы!AE13+Экскаваторы!AW13+Экскаваторы!AZ13+Экскаваторы!BA13 -> 0 | M20: =Экскаваторы!AA28+Экскаваторы!AC28+Экскаваторы!AE28+Экскаваторы!AW28+Экскаваторы!AZ28+Экскаваторы!BA28 -> 0 | N20: =Экскаваторы!AE13 -> 0 | O20: =Экскаваторы!AE28 -> 0
B21: внутрикарьерная погрузка | C21: м³ | E21: =SUM(E22:E29) -> 0
B22: HITACHI EX-1200 № 22 (Обр) (внутр. погрузка) | C22: м3 | E22: =ROUND(Экскаваторы!F36*'Сводка внутр.'!$P$1,0) -> 0
B23: HITACHI EX-1200 № 23 (Обр) (внутр. погрузка) | C23: м3 | E23: =ROUND(Экскаваторы!F37*'Сводка внутр.'!$P$1,0) -> 0
B24: HITACHI EX-1200 № 25 (Обр.) (внутр. погрузка) | C24: м3 | E24: =ROUND(Экскаваторы!F38*'Сводка внутр.'!$P$1,0) -> 0
B25: HITACHI ZX-470 № 24 (Обр) (внутр. погрузка) | C25: м3 | E25: =ROUND(Экскаваторы!F39*'Сводка внутр.'!$P$1,0) -> 0
B26: CAT-962 №15 (внутр. погрузка) | C26: м3 | E26: =ROUND(Экскаваторы!F41*'Сводка внутр.'!$P$1,0) -> 0
B27: CAT-962 №24 (внутр. погрузка) | C27: м3 | E27: =ROUND(Экскаваторы!F42*'Сводка внутр.'!$P$1,0) -> 0
B28: CAT-988H №16 (внутр. погрузка) | C28: м3 | E28: =ROUND(Экскаваторы!F44*'Сводка внутр.'!$P$1,0) -> 0
B29: Volvo L120GZ №25 (внутр. погрузка) | C29: м3 | E29: =ROUND(Экскаваторы!F43*'Сводка внутр.'!$P$1,0) -> 0
A30: 4 | B30: Перевозка всего | C30: м³ | E30: =SUM(E31:E32)+E34 -> 0
B31: Перевозка горной массы из карьеров | C31: м3 | E31: =E8 -> 0
B32: Внутрикарьерные перевозки | C32: м3 | E32: =E21 -> 0 | H32: ='БелАЗы '!Q16 -> 0 | I32: ='БелАЗы '!Q27 -> 0 | J32: ='БелАЗы '!AL16+'БелАЗы '!AB16+'БелАЗы '!AA16 -> 0 | K32: ='БелАЗы '!AL27+'БелАЗы '!AB27+'БелАЗы '!AA27 -> 0 | L32: ='БелАЗы '!V16+'БелАЗы '!X16+'БелАЗы '!Z16+'БелАЗы '!AQ16+'БелАЗы '!AT16+'БелАЗы '!AU16 -> 0 | M32: ='БелАЗы '!V27+'БелАЗы '!X27+'БелАЗы '!Z27+'БелАЗы '!AQ27+'БелАЗы '!AT27+'БелАЗы '!AU27 -> 0 | N32: ='БелАЗы '!Z16 -> 0 | O32: ='БелАЗы '!Z27 -> 0
B33: в.т.ч. перевозка горной массы северный участок | C33: м3 | E33: =D33*P2 -> 0
B34: подрядчиками | C34: м3 | E34: =ROUND(Экскаваторы!I50*P1,0) -> 0
A35: 5 | B35: Среднее плечо по автопарку | C35: км | E35: 0
A36: 6 | B36: Средняя загрузка автосамосвала Komatsu-HD465-7 | C36: т
C37: м3
A38: 7 | B38: Перевозка руды на ЗИФ (вл. вес) | C38: т | E38: =SUM(E39:E42) -> 0
B39: со склада карьера на ЗИФ КВ(окисл. ) | C39: т | E39: =D90+D91+D103+D104 -> 0
B40: со склада карьера на ЗИФ УВП (первич) | C40: т | E40: =D86+D87+D99+D100 -> 0
B41: со склада карьера на ЗИФ УВП (первич. с заб склада №1) | C41: т | D41: =E41/1.8 -> 0 | E41: =D89+D88+D101+D102 -> 0
B42: со склада карьера на ЗИФ УВП (окисленная) | C42: т | E42: =D92+D93+D105+D106+D94+D95 -> 0
A43: 8 | B43: Буровзрывные работы | C43: пог.м | E43: =Бурение!D21 -> 0
C44: м3 | E44: ='Суточный рапорт'!C83 -> 0
B45: ПОДРЯДЧИКИ контурное бурение | C45: м2 | E45: ='Суточный рапорт'!B83 -> 0
A46: 9 | B46: Геологоразведочные работы, всего | C46: пог.м | E46: =E48+E49+E47 -> 0
B47: в.т.ч. бурение глубоких скважин | C47: пог.м | E47: =Бурение!G32+Бурение!G33 -> 0
B48: в.т.ч. шламовое бурение | C48: пог.м | E48: =Бурение!G31+Бурение!G44 -> 0
B49: в.т.ч. керновое бурение | C49: пог.м | E49: =SUM(Бурение!G34:G43) -> 0
A50: 10 | B50: Переэкскавация штабелей ЗИФ КВ ЭШ 6/45 | C50: м3 | E50: =Экскаваторы!J40 -> 0 | H50: =Экскаваторы!U10 -> 0 | I50: =Экскаваторы!U25 -> 0 | J50: =Экскаваторы!AQ10+Экскаваторы!AG10+Экскаваторы!AF10 -> 0 | K50: =Экскаваторы!AQ25+Экскаваторы!AG25+Экскаваторы!AF25 -> 0 | L50: =Экскаваторы!AA10+Экскаваторы!AC10+Экскаваторы!AE10+Экскаваторы!AW10+Экскаваторы!AZ10+Экскаваторы!BA10 -> 0 | M50: =Экскаваторы!AA25+Экскаваторы!AC25+Экскаваторы!AE25+Экскаваторы!AW25+Экскаваторы!AZ25+Экскаваторы!BA25 -> 0 | N50: =Экскаваторы!AE10 -> 0 | O50: =Экскаваторы!AE25 -> 0
B51: Отсыпка окисленной руды УРП ЗИФ-КВ | C51: т
B52: в.т.ч переэкскавация рс38 ЭШ 6/45 | C52: т | E52: =E51 -> 0
B53: в.т.ч отсыпка окисленной товарной руды | C53: т
B54: Время работы УРП ЗИФ КВ | C54: ч
B55: Производительность УРП ЗИФ КВ | C55: т/час | E55: =E51/E54 -> #DIV/0!
B56: Сорбция КВ (переведено на уголь) Au ЗИФ-КВ | C56: г
B57: Обмен растворами между ЗИФ | C57: г
B58: Выщелачивающий раствор на УВП | C58: г
B59: Переведено всего Au из ПР ЗИФ-КВ | C59: г | E59: =SUM(E56:E58) -> 0
A60: 11 | B60: Переработка товарной руды УГМ ЗИФ-УВП | C60: т
B61: Переработка товарной руды ККД ЗИФ-УВП | C61: т
A62: 12 | B62: Перевезено скального грунта на ООО "ЩСУ" | C62: т
B63: Выпуск щебня и отсева на ООО "ЩСУ" | C63: т | E63: ='Суточный рапорт'!CS33+'Суточный рапорт'!AX33 -> 0
A65: № п.п. | B65: Наименование | C65: 1 смена | E65: 2 смена | G65: сутки | I65: Причины простоя | J65: Состояние скважин на 8:00
C66: V, м³ | D66: Время в работе, час | E66: V, м³ | F66: Время в работе, час | G66: V, м³ | H66: Время в работе, час | J66: Р/Н | K66: Производительность насосов
A67: 1 | B67: ='Суточный рапорт'!A107 -> Скважина №28 | C67: ='Суточный рапорт'!AX107 -> 0 | D67: ='Суточный рапорт'!AX108 -> 0 | E67: ='Суточный рапорт'!CS107 -> 0 | F67: ='Суточный рапорт'!CS108 -> 0 | G67: =E67+C67 -> 0 | H67: =F67+D67 -> 0 | I67: ='Суточный рапорт'!CT107 -> 0 | K67: ='Суточный рапорт'!C107 -> 25
A68: 2 | B68: ='Суточный рапорт'!A110 -> Скважина №29 | C68: ='Суточный рапорт'!AX110 -> 0 | D68: ='Суточный рапорт'!AX111 -> 0 | E68: ='Суточный рапорт'!CS110 -> 0 | F68: ='Суточный рапорт'!CS111 -> 0 | G68: =E68+C68 -> 0 | H68: =F68+D68 -> 0 | I68: ='Суточный рапорт'!CT110 -> 0 | K68: ='Суточный рапорт'!C110 -> 25
A69: 3 | B69: ='Суточный рапорт'!A113 -> Скважина №39 | C69: ='Суточный рапорт'!AX113 -> 0 | D69: ='Суточный рапорт'!AX114 -> 0 | E69: ='Суточный рапорт'!CS113 -> 0 | F69: ='Суточный рапорт'!CS114 -> 0 | G69: =E69+C69 -> 0 | H69: =F69+D69 -> 0 | I69: ='Суточный рапорт'!CT113 -> 0 | K69: ='Суточный рапорт'!C113 -> 37
A70: 4 | B70: ='Суточный рапорт'!A116 -> Скважина №100 | C70: ='Суточный рапорт'!AX116 -> 0 | D70: ='Суточный рапорт'!AX117 -> 0 | E70: ='Суточный рапорт'!CS116 -> 0 | F70: ='Суточный рапорт'!CS117 -> 0 | G70: =E70+C70 -> 0 | H70: =F70+D70 -> 0 | I70: ='Суточный рапорт'!CT116 -> 0 | K70: ='Суточный рапорт'!C116 -> 25
A71: 5 | B71: ='Суточный рапорт'!A125 -> Зумпф №8 ЮВК | C71: ='Суточный рапорт'!AX125 -> 0 | D71: ='Суточный рапорт'!AX126 -> 0 | E71: ='Суточный рапорт'!CS125 -> 0 | F71: ='Суточный рапорт'!CS126 -> 0 | G71: =E71+C71 -> 0 | H71: =F71+D71 -> 0 | I71: ='Суточный рапорт'!CT125 -> 0 | K71: ='Суточный рапорт'!C125 -> 300
A72: 6 | B72: ='Суточный рапорт'!A128 -> Зумпф №1 СВК С | C72: ='Суточный рапорт'!AX128 -> 0 | D72: ='Суточный рапорт'!AX129 -> 0 | E72: ='Суточный рапорт'!CS128 -> 0 | F72: ='Суточный рапорт'!CS129 -> 0 | G72: =E72+C72 -> 0 | H72: =F72+D72 -> 0 | I72: ='Суточный рапорт'!CT128 -> 0 | K72: ='Суточный рапорт'!C128 -> 180
A73: 7 | B73: ='Суточный рапорт'!A137 -> Зумпф №1 СВК Ю | C73: ='Суточный рапорт'!AX137 -> 0 | D73: ='Суточный рапорт'!AX138 -> 0 | E73: ='Суточный рапорт'!CS137 -> 0 | F73: ='Суточный рапорт'!CS138 -> 0 | G73: =E73+C73 -> 0 | H73: =F73+D73 -> 0 | I73: ='Суточный рапорт'!CT137 -> 0 | K73: ='Суточный рапорт'!C137 -> 300
A74: 8 | B74: ='Суточный рапорт'!A143 -> Пруд накопитель №1 ЮВК (Насосная №3) | C74: ='Суточный рапорт'!AX143 -> 0 | D74: ='Суточный рапорт'!AX144 -> 0 | E74: ='Суточный рапорт'!CS143 -> 0 | F74: ='Суточный рапорт'!CS144 -> 0 | G74: =E74+C74 -> 0 | H74: =F74+D74 -> 0 | I74: ='Суточный рапорт'!CT143 -> 0 | K74: ='Суточный рапорт'!C143 -> 300
B75: итого Карьер | C75: =C67+C68+C69+C70+C71+C73 -> 0 | D75: =D67+D68+D69+D70+D71+D73 -> 0 | E75: =E67+E68+E69+E70+E71+E73 -> 0 | F75: =F67+F68+F69+F70+F71+F73 -> 0 | G75: =G67+G68+G69+G70+G71+G73 -> 0 | H75: =H67+H68+H69+H70+H71+H73 -> 0
A76: 1 | B76: ='Суточный рапорт'!A119 -> Насос на ЗИФ УВП (В-11 карьер) | C76: ='Суточный рапорт'!AX119 -> 0 | D76: ='Суточный рапорт'!AX120 -> 0 | E76: ='Суточный рапорт'!CS119 -> 0 | F76: ='Суточный рапорт'!CS120 -> 0 | G76: =E76+C76 -> 0 | H76: =F76+D76 -> 0 | I76: ='Суточный рапорт'!CT120 -> 0
A77: 2 | B77: ='Суточный рапорт'!A122 -> Насос на ЗИФ УВП (В-11 ОС промплощадки) | C77: ='Суточный рапорт'!AX122 -> 0 | D77: ='Суточный рапорт'!AX123 -> 0 | E77: ='Суточный рапорт'!CS122 -> 0 | F77: ='Суточный рапорт'!CS123 -> 0 | G77: =E77+C77 -> 0 | H77: =F77+D77 -> 0 | I77: ='Суточный рапорт'!CT123 -> 0
B78: итого УВП | C78: =SUM(C76:C77) -> 0 | D78: =SUM(D76:D77) -> 0 | E78: =SUM(E76:E77) -> 0 | F78: =SUM(F76:F77) -> 0 | G78: =SUM(G76:G77) -> 0 | H78: =SUM(H76:H77) -> 0
B79: Откачка из СВК скважины | G79: =G67+G68+G69+G70 -> 0
B80: Откачка из СВК ЗУМПФ | G80: =G73 -> 0
B81: Откачка из ЮВК | G81: =G71 -> 0
C83: Производительность автосамосвалов подрядной организации по перевозке руды на ЗИФ
C84: Перевозка руды | D84: Перевезено,т | E84: Кол-во рейсов | F84: Кол-во автосамосвалов | G84: производительность
G85: количество рейсов за 1 час на 1 автосамосвал | H85: средняя загрузка самосвала | I85: среднее кол-во рейсов вып. 1 автосамосвалом
B86: Первичная руда | C86: 1 смена | G86: =IF(D86=0," ",E86/F86/10) | H86: =IF(D86=0," ",D86/E86) | I86: =IF(D86=0," ",E86/F86)
C87: 2 смена | G87: =IF(D87=0," ",E87/F87/10) | H87: =IF(D87=0," ",D87/E87) | I87: =IF(D87=0," ",E87/F87)
B88: Первичная руда с забалансового склада №1 | C88: 1 смена | G88: =IF(D88=0," ",E88/F88/10) | H88: =IF(D88=0," ",D88/E88) | I88: =IF(D88=0," ",E88/F88)
C89: 2 смена | G89: =IF(D89=0," ",E89/F89/10) | H89: =IF(D89=0," ",D89/E89) | I89: =IF(D89=0," ",E89/F89)
B90: Окисленная руда | C90: 1 смена | G90: =IF(D90=0," ",E90/F90/10) | H90: =IF(D90=0," ",D90/E90) | I90: =IF(D90=0," ",E90/F90) | J90: на ЗИФ КВ
C91: 2 смена | G91: =IF(D91=0," ",E91/F91/10) | H91: =IF(D91=0," ",D91/E91) | I91: =IF(D91=0," ",E91/F91) | J91: на ЗИФ КВ
B92: Окисленная руда | C92: 1 смена | G92: =IF(D92=0," ",E92/F92/10) | H92: =IF(D92=0," ",D92/E92) | I92: =IF(D92=0," ",E92/F92) | J92: на ЗИФ УВП
C93: 2 смена | G93: =IF(D93=0," ",E93/F93/10) | H93: =IF(D93=0," ",D93/E93) | I93: =IF(D93=0," ",E93/F93) | J93: на ЗИФ УВП
B94: Окисленная руда с Северного участка | C94: 1 смена | J94: на ЗИФ УВП
C95: 2 смена | J95: на ЗИФ УВП
C96: Сутки | D96: =SUM(D86:D95) -> 0 | E96: =SUM(E86:E95) -> 0 | F96: =AVERAGEIF(F86:F95,">0") -> #DIV/0! | G96: =AVERAGEIF(G86:G95,">0") -> #DIV/0! | H96: =D96/E96 -> #DIV/0! | I96: =AVERAGEIF(I86:I95,">0") -> #DIV/0!
C98: Перевозка руды ЗСУ
B99: Первичная руда | C99: 1 смена
C100: 2 смена
B101: Первичная руда с забалансового склада №1 | C101: 1 смена
C102: 2 смена
B103: Окисленная руда | C103: 1 смена | F103: на ЗИФ КВ
...

Sheet Суточный рапорт
A1: Суточный рапорт горного диспетчера по работе оборудования карьера "Воронцовский"
C2: ='рапорт БелАЗ'!C2 -> 45898 | D2: Смена первая. Горный мастер | T2: ='рапорт БелАЗ'!P2 -> 0 | AE2: Диспетчер | AK2: ='рапорт БелАЗ'!AH2 -> 0 | AY2: Смена вторая. Горный мастер | BO2: ='рапорт БелАЗ'!BL2 -> 0 | BZ2: Диспетчер | CG2: ='рапорт БелАЗ'!CA2 -> 0
A3: Оборудование | B3: Машинист экскаватора, погрузчика, бульдозера | D3: 8-00 | H3: 9-00 | L3: 10-00 | P3: 11-00 | T3: 12-00 | W3: 13-00 | AA3: 14-00 | AE3: 15-00 | AI3: 16-00 | AL3: 17-00 | AP3: 18-00 | AT3: 19-00 | AX3: Обём работ, м3;п.м.;ч. | AY3: 20-00 | BC3: 21-00 | BG3: 22-00 | BK3: 23-00 | BO3: 24-00 | BR3: 01-00 | BV3: 02-00 | BZ3: 03-00 | CD3: 04-00 | CG3: 05-00 | CK3: 06-00 | CO3: 07-00 | CS3: Обём работ, м3;п.м.;ч. | CT3: Примечание (причины простоев)
A4: Экскаваторы | AX4: =AVERAGE(D4:AW4) -> #DIV/0! | CS4: =AVERAGE(AY4:CR4) -> #DIV/0!
A5: Hitachi Eх-1200 №22 (обр.) | B5: 1 см. | AX5: =ROUND(Экскаваторы!J6*'Сводка внутр.'!$P$1,0) -> 0 | CS5: =ROUND(Экскаваторы!J21*'Сводка внутр.'!$P$1,0) -> 0 | CT5: =Экскаваторы!BE6 -> 0 | DA5: 66
B6: 2 см. | AX6: =ROUND(Экскаваторы!U6,1) -> 0 | CS6: =ROUND(Экскаваторы!U21,1) -> 0 | CT6: =Экскаваторы!BE21 -> 0
A8: Hitachi Eх-1200 №23 (обр.) | B8: 1 см. | AX8: =ROUND(Экскаваторы!J7*'Сводка внутр.'!$P$1,0) -> 0 | CS8: =ROUND(Экскаваторы!J22*'Сводка внутр.'!$P$1,0) -> 0 | CT8: =Экскаваторы!BE7 -> 0 | DA8: 89
B9: 2 см. | AX9: =ROUND(Экскаваторы!U7,1) -> 0 | CS9: =ROUND(Экскаваторы!U22,1) -> 0 | CT9: =Экскаваторы!BE22 -> 0
A11: Hitachi Eх-1200 №25 (обр.) | B11: 1 см. | AX11: =ROUND(Экскаваторы!J8*'Сводка внутр.'!$P$1,0) -> 0 | CS11: =ROUND(Экскаваторы!J23*'Сводка внутр.'!$P$1,0) -> 0 | CT11: =Экскаваторы!#REF! -> #REF! | DA11: 191
B12: 2 см. | AX12: =ROUND(Экскаваторы!U8,1) -> 0 | CS12: =ROUND(Экскаваторы!U23,1) -> 0 | CT12: =Экскаваторы!#REF! -> #REF!
A14: Hitachi Zx-470 №24 (обр.) | B14: 1 см. | AX14: =ROUND(Экскаваторы!J9*'Сводка внутр.'!$P$1,0) -> 0 | CS14: =ROUND(Экскаваторы!J24*'Сводка внутр.'!$P$1,0) -> 0 | CT14: =Экскаваторы!BE9 -> 0 | DA14: 150
B15: 2 см. | AX15: =ROUND(Экскаваторы!U9,1) -> 0 | CS15: =ROUND(Экскаваторы!U24,1) -> 0 | CT15: =Экскаваторы!BE24 -> 0
A17: Hitachi Zx-470 №24 с гидромолотом | B17: 1 см. | AX17: =ROUND(Экскаваторы!#REF!,0) -> #REF! | CS17: =ROUND(Экскаваторы!#REF!,0) -> #REF! | CT17: =Экскаваторы!#REF! -> #REF! | DA17: 150b
B18: 2 см. | AX18: =ROUND(Экскаваторы!#REF!,1) -> #REF! | CS18: =ROUND(Экскаваторы!#REF!,1) -> #REF! | CT18: =Экскаваторы!#REF! -> #REF!
A20: ЭШ6/45 №17 | B20: 1 см. | AX20: =ROUND(Экскаваторы!J10,0) -> 0 | CS20: =ROUND(Экскаваторы!J25,0) -> 0 | CT20: =Экскаваторы!BE10 -> 0
B21: 2 см. | AX21: =ROUND(Экскаваторы!U10,1) -> 0 | CS21: =ROUND(Экскаваторы!U25,1) -> 0 | CT21: =Экскаваторы!BE25 -> 0
F22: ЗИФ КВ | BA22: ЗИФ КВ
A23: Подрядная техника
A24: Doosan-300LSV-гидромолот | B24: 1 см. | AX24: ='Сводка внутр.'!D92 -> 0 | CS24: ='Сводка внутр.'!D93 -> 0
B25: 2 см.
A27: Doosan-320LSV; Hitachi-330 | B27: 1 см. | CS27: ='Сводка внутр.'!#REF! -> #REF!
B28: 2 см.
A30: VOLVO №380 | B30: 1 см. | CS30: ='Сводка внутр.'!D87 -> 0
B31: 2 см.
A33: ЩСУ Н-250 | B33: 1 см.
B34: 2 см.
A36: VOLVO №360 | B36: 1 см.
B37: 2 см.
A39: Погрузчики
A40: CAT-988Н №16 | B40: 1 см. | AX40: =ROUND(Экскаваторы!J14*'Сводка внутр.'!$P$1,0) -> 0 | CS40: =ROUND(Экскаваторы!J29*'Сводка внутр.'!$P$1,0) -> 0 | CT40: =Экскаваторы!BE14 -> 0 | DA40: 43
B41: 2 см. | AX41: =ROUND(Экскаваторы!U14,1) -> 0 | CS41: =ROUND(Экскаваторы!U29,1) -> 0 | CT41: =Экскаваторы!BE29 -> 0
A43: CAT-962Н №15 | B43: 1 см. | AX43: =ROUND(Экскаваторы!J13*'Сводка внутр.'!$P$1,0) -> 0 | CS43: =ROUND(Экскаваторы!J28*'Сводка внутр.'!$P$1,0) -> 0 | CT43: =Экскаваторы!BE13 -> 0 | DA43: 58
B44: 2 см. | AX44: =ROUND(Экскаваторы!U13,1) -> 0 | CS44: =ROUND(Экскаваторы!U28,1) -> 0 | CT44: =Экскаваторы!BE28 -> 0
A46: CAT-962Н №24 | B46: 1 см. | AX46: =ROUND(Экскаваторы!J11*'Сводка внутр.'!$P$1,0) -> 0 | CS46: =ROUND(Экскаваторы!J26*'Сводка внутр.'!$P$1,0) -> 0 | CT46: =Экскаваторы!BE11 -> 0 | DA46: 183
B47: 2 см. | AX47: =ROUND(Экскаваторы!U11,1) -> 0 | CS47: =ROUND(Экскаваторы!U26,1) -> 0 | CT47: =Экскаваторы!BE26 -> 0
A49: Shantui SL60W №26 | B49: 1 см. | AX49: =ROUND(Экскаваторы!J12*'Сводка внутр.'!$P$1,0) -> 0 | CS49: =ROUND(Экскаваторы!J27*'Сводка внутр.'!$P$1,0) -> 0 | CT49: =Экскаваторы!BE12 -> 0 | DA49: 283
AX50: =ROUND(Экскаваторы!U12,1) -> 0 | CS50: =ROUND(Экскаваторы!U27,1) -> 0 | CT50: =Экскаваторы!BE27 -> 0
B51: 2 см.
A52: Shantui SL60W №30 | B52: 1 см. | AX52: =ROUND(Экскаваторы!J15*'Сводка внутр.'!$P$1,0) -> 0 | CS52: =ROUND(Экскаваторы!J30*'Сводка внутр.'!$P$1,0) -> 0 | CT52: =Экскаваторы!BE15 -> 0 | DA52: 284
AX53: =ROUND(Экскаваторы!U15,1) -> 0 | CS53: =ROUND(Экскаваторы!U30,1) -> 0 | CT53: =Экскаваторы!BE30 -> 0
B54: 2 см.
A55: Shantui L58K-B5 №32 | B55: 1 см. | AX55: =ROUND(Экскаваторы!J20*'Сводка внутр.'!$P$1,0) -> 0 | CS55: =ROUND(Экскаваторы!J35*'Сводка внутр.'!$P$1,0) -> 0 | CT55: =Экскаваторы!BE20 -> 0 | DA55: 286
AX56: =ROUND(Экскаваторы!U20,1) -> 0 | CS56: =ROUND(Экскаваторы!U35,1) -> 0 | CT56: =Экскаваторы!BE35 -> 0
B57: 2 см.
A58: Бульдозеры
A59: CAT-D9R №33 | B59: 1 см. | AX59: =ROUND(Бульдозеры!H7,1) -> 0 | CS59: =ROUND(Бульдозеры!H11,1) -> 0 | CT59: =Бульдозеры!AS7 -> 0 | DA59: 10
B60: 2 см. | CT60: =Бульдозеры!AS11 -> 0
A62: Caterpillar 834K №37 | B62: 1 см. | AX62: =ROUND(Бульдозеры!#REF!,1) -> #REF! | CS62: =Бульдозеры!#REF! -> #REF! | CT62: =Бульдозеры!#REF! -> #REF! | DA62: 189
B63: 2 см. | CT63: =Бульдозеры!#REF! -> #REF!
A65: CAT-D6R №28 | B65: 1 см. | AX65: =ROUND(Бульдозеры!H8,1) -> 0 | CS65: =ROUND(Бульдозеры!H12,1) -> 0 | CT65: =Бульдозеры!AS8 -> 0 | DA65: 9
B66: 2 см. | CT66: =Бульдозеры!AS12 -> 0
A68: CAT D9R №36 | B68: 1 см. | AX68: =ROUND(Бульдозеры!#REF!,1) -> #REF! | CS68: =ROUND(Бульдозеры!#REF!,1) -> #REF! | CT68: =Бульдозеры!#REF! -> #REF! | DA68: 186
B69: 2 см. | CT69: =Бульдозеры!#REF! -> #REF!
A71: CAT D10Т №35 | B71: 1 см. | AX71: =ROUND(Бульдозеры!#REF!,1) -> #REF! | CS71: =ROUND(Бульдозеры!#REF!,1) -> #REF! | CT71: =Бульдозеры!#REF! -> #REF! | DA71: 14
B72: 2 см. | CT72: =Бульдозеры!#REF! -> #REF!
A74: ДТ-75 №38 | B74: 1 см. | DA74: 272
B75: 2 см.
A77: ='Техника new'!B18 -> Caterpillar 140М №4 | B77: 1 см. | AX77: =ROUND(Бульдозеры!H10,1) -> 0 | CS77: =ROUND(Бульдозеры!H14,1) -> 0 | CT77: =Бульдозеры!AS10 -> 0 | DA77: 4
B78: 2 см. | CT78: =Бульдозеры!AS14 -> 0
A80: Komatsu-825 | B80: 1 см. | AX80: =ROUND(Бульдозеры!#REF!,1) -> #REF! | CS80: =ROUND(Бульдозеры!#REF!,1) -> #REF! | CT80: =Бульдозеры!#REF! -> #REF! | DA80: 15
B81: 2 см. | CT81: =Бульдозеры!#REF! -> #REF!
F82: Технологическая дорога | BA82: Технологическая дорога
A83: Взрыв | B83: 0 | C83: 0
A84: DM-45 | B84: 1 см. | AX84: =ROUND(Бурение!D4,0) -> 0 | CS84: =ROUND(Бурение!D10,0) -> 0
B85: 2 см. | AX85: 0 | CS85: 0
A87: DI-550 | B87: 1 см. | AX87: =ROUND(Бурение!D5,0) -> 0 | CS87: =ROUND(Бурение!D11,0) -> 0 | DA87: 11
B88: 2 см. | AX88: 0 | CS88: 0
A90: УРБ-19 | B90: 1 см. | AX90: =ROUND(Бурение!D6,0) -> 0 | CS90: =ROUND(Бурение!D12,0) -> 0 | DA90: 13
B91: 2 см. | AX91: 0 | CS91: 0
A93: DI-500 | B93: 1 см. | AX93: =ROUND(Бурение!D7,0) -> 0 | CS93: =ROUND(Бурение!D13,0) -> 0
B94: 2 см. | AX94: 0 | CS94: 0
A96: Titon | B96: 1 см. | AX96: =ROUND(Бурение!D8,0) -> 0 | CS96: =ROUND(Бурение!D14,0) -> 0
B97: 2 см. | AX97: 0 | CS97: 0
A99: Общая выемка, м3 | C99: =AX99+CS99 -> 0 | AX99: =ROUND(Экскаваторы!J20*'Сводка внутр.'!P1,0) -> 0 | CS99: =ROUND(Экскаваторы!J35*'Сводка внутр.'!$P$1,0) -> 0
A100: Водоотлив
A101: Скважина №116 | B101: 1 см. | C101: 6.5 | AX101: 0 | CS101: 0
B102: 2 см. | AX102: =IF(AX101/C101 > 12,12,AX101/C101) -> 0 | CS102: =IF(CS101/C101 > 12,12,CS101/C101) -> 0
A104: Скважина №26 | B104: 1 см. | C104: 25 | AX104: 0 | CS104: 0
B105: 2 см. | AX105: =IF(AX104/C104 > 12,12,AX104/C104) -> 0 | CS105: =IF(CS104/C104 > 12,12,CS104/C104) -> 0
A107: Скважина №28 | B107: 1 см. | C107: 25 | AX107: 0 | CS107: 0
B108: 2 см. | AX108: =IF(AX107/C107 > 12,12,AX107/C107) -> 0 | CS108: =IF(CS107/C107 > 12,12,CS107/C107) -> 0
A110: Скважина №29 | B110: 1 см. | C110: 25 | AX110: 0 | CS110: 0
B111: 2 см. | AX111: =IF(AX110/C110 > 12,12,AX110/C110) -> 0 | CS111: =IF(CS110/C110 > 12,12,CS110/C110) -> 0
A113: Скважина №39 | B113: 1 см. | C113: 37 | AX113: 0 | CS113: 0
B114: 2 см. | AX114: =IF(AX113/C113 > 12,12,AX113/C113) -> 0 | CS114: =IF(CS113/C113 > 12,12,CS113/C113) -> 0
A116: Скважина №100 | B116: 1 см. | C116: 25 | AX116: 0 | CS116: 0
B117: 2 см. | AX117: =IF(AX116/C116 > 12,12,AX116/C116) -> 0 | CS117: =IF(CS116/C116 > 12,12,CS116/C116) -> 0
A119: Насос на ЗИФ УВП (В-11 карьер) | B119: 1 см. | AX119: 0 | CS119: 0
B120: 2 см. | AX120: =AX119/70 -> 0 | CS120: =CS119/70 -> 0
A122: Насос на ЗИФ УВП (В-11 ОС промплощадки) | B122: 1 см. | AX122: 0 | CS122: 0
B123: 2 см. | AX123: =AX122/43 -> 0 | CS123: =CS122/43 -> 0
A125: Зумпф №8 ЮВК | B125: 1 см. | C125: 300 | AX125: =AX126*C125 -> 0 | CS125: =CS126*C125 -> 0
B126: 2 см. | AX126: 0 | CS126: 0
A128: Зумпф №1 СВК С | B128: 1 см. | C128: 180 | AX128: 0 | CS128: 0
B129: 2 см. | AX129: =IF(AX128/C128 > 12,12,AX128/C128) -> 0 | CS129: =IF(CS128/C128 > 12,12,CS128/C128) -> 0
A131: Скважина №3д | B131: 1 см. | C131: 25 | AX131: =AX132*C131 -> 0 | CS131: =CS132*C131 -> 0
B132: 2 см. | AX132: 0 | CS132: 0
A134: Скважина №116 | B134: 1 см. | C134: 6.5 | AX134: =AX135*C134 -> 0 | CS134: =CS135*C134 -> 0
B135: 2 см. | AX135: 0 | CS135: 0
A137: Зумпф №1 СВК Ю | B137: 1 см. | C137: 300 | AX137: 0 | CS137: 0
...

Sheet рапорт БелАЗ
A1: Суточный рапорт горного диспетчера по работе а/м БелАЗ и Komatsu на карьере "Воронцовский"
C2: 45898 | D2: Смена первая. Мастер | Z2: Диспетчер | AQ2: Механик | AZ2: Смена вторая. Мастер | BU2: Диспетчер | CK2: Механик
A3: Оборудование | B3: Водитель, Ф.И.О. | D3: 8-00 | H3: 9-00 | L3: 10-00 | P3: 11-00 | T3: 12-00 | W3: 13-00 | AA3: 14-00 | AE3: 15-00 | AI3: 16-17 | AM3: 17-00 | AQ3: 18-00 | AU3: 19-00 | AY3: Выполнено рейсов | AZ3: 20-21 | BD3: 21-22 | BH3: 22-23 | BL3: 23-24 | BP3: 00-01 | BS3: 01-02 | BW3: 02-03 | CA3: 03-04 | CE3: 04-05 | CI3: 05-06 | CM3: 06-07 | CQ3: 07-08 | CU3: Выполнено рейсов | CV3: Примечание (причины простоев)
A4: БелАЗ 7547 №30 | B4: 1 см. | AY4: ='БелАЗы '!K7 -> 0 | CU4: ='БелАЗы '!K18 -> 0 | CV4: Резерв
B5: 2 см. | CV5: Резерв
A7: БелАЗ 7547 №32 | B7: 1 см. | AY7: ='БелАЗы '!K8 -> 0 | CU7: ='БелАЗы '!K19 -> 0 | CV7: Резерв
B8: 2 см. | CV8: Резерв
A10: БелАЗ 7547 №35 | B10: 1 см. | AY10: ='БелАЗы '!K9 -> 0 | CU10: ='БелАЗы '!K20 -> 0 | DB10: =#REF! -> #REF! | DC10: =#REF! -> #REF!
B11: 2 см. | CV11: Без экипажа | DB11: =#REF! -> #REF! | DC11: =#REF! -> #REF!
DB12: =#REF! -> #REF! | DC12: =#REF! -> #REF!
A13: Komatsu HD 465-7 №39 | B13: 1 см. | AY13: ='БелАЗы '!#REF! -> #REF! | CU13: ='БелАЗы '!#REF! -> #REF! | CV13: Без экипажа | DB13: =#REF! -> #REF!
B14: 2 см. | CV14: Без экипажа | DB14: =#REF! -> #REF!
DB15: =#REF! -> #REF!
A16: Komatsu HD 465-7 №40 | B16: 1 см. | AY16: ='БелАЗы '!#REF! -> #REF! | CU16: ='БелАЗы '!#REF! -> #REF! | CV16: Без экипажа | DB16: =#REF! -> #REF!
B17: 2 см. | CV17: Без экипажа | DB17: =#REF! -> #REF!
DB18: =#REF! -> #REF!
A19: Komatsu HD 465-7 №41 | B19: 1 см. | AY19: ='БелАЗы '!#REF! -> #REF! | CU19: ='БелАЗы '!#REF! -> #REF! | CV19: Без экипажа | DB19: =#REF! -> #REF!
B20: 2 см. | CV20: Без экипажа | DB20: =#REF! -> #REF!
DB21: =#REF! -> #REF!
A22: Komatsu HD 465-7 №42 | B22: 1 см. | AY22: ='БелАЗы '!#REF! -> #REF! | CU22: ='БелАЗы '!#REF! -> #REF! | CV22: Без экипажа | DB22: =#REF! -> #REF!
B23: 2 см. | CV23: Без экипажа | DB23: =#REF! -> #REF!
DB24: =#REF! -> #REF!
A25: Komatsu HD 465-7 №43 | B25: 1 см. | AY25: ='БелАЗы '!#REF! -> #REF! | CU25: ='БелАЗы '!#REF! -> #REF! | DB25: =#REF! -> #REF!
B26: 2 см. | DB26: =#REF! -> #REF!
DB27: =#REF! -> #REF!
A28: Komatsu HD 465-7 №44 | B28: 1 см. | AY28: ='БелАЗы '!#REF! -> #REF! | CU28: ='БелАЗы '!#REF! -> #REF!
B29: 2 см.
A31: Komatsu HD 465-7 №45 | B31: 1 см. | AY31: ='БелАЗы '!#REF! -> #REF! | CU31: ='БелАЗы '!#REF! -> #REF!
B32: 2 см.
A34: Komatsu HD 465-7 №46 | B34: 1 см. | AY34: ='БелАЗы '!#REF! -> #REF! | CU34: ='БелАЗы '!#REF! -> #REF!
B35: 2 см.
A37: Komatsu HD 465-7 №47 | B37: 1 см. | AY37: ='БелАЗы '!#REF! -> #REF! | CU37: ='БелАЗы '!#REF! -> #REF!
B38: 2 см.
A40: Komatsu HD 465-7 №48 | B40: 1 см. | AY40: ='БелАЗы '!K11 -> 0 | CU40: ='БелАЗы '!K22 -> 0
B41: 2 см. | DB41: =#REF! -> #REF!
A43: Komatsu HD 465-7 №49 | B43: 1 см. | AY43: ='БелАЗы '!K12 -> 0 | CU43: ='БелАЗы '!K23 -> 0
B44: 2 см.
A46: Komatsu HD 465-7 №50 | B46: 1 см. | AY46: ='БелАЗы '!K13 -> 0 | CU46: ='БелАЗы '!K24 -> 0
B47: 2 см.
A49: Komatsu HD 465-7 №51 | B49: 1 см. | AY49: ='БелАЗы '!K14 -> 0 | CU49: ='БелАЗы '!K25 -> 0
B50: 2 см.
A52: Komatsu HD 465-7 №52 | B52: 1 см. | AY52: ='БелАЗы '!K15 -> 0 | CU52: ='БелАЗы '!K26 -> 0
B53: 2 см.
I55: Shantui SL60W №26 | X55: Ех-1200 №25 | AK55: Volvo L120GZ №25 | BE55: Shantui SL60W №26 | BT55: Ех-1200 №25 | CG55: Volvo L120GZ №25
I56: Shantui SL60W №30 | X56: Zx-470 №24 | AD56: САТ-988 №16 | AK56: САТ-962 №15 | AS56: САТ-962 №24 | BE56: Shantui SL60W №30 | BT56: Zx-470 №24 | BZ56: САТ-988 №16 | CG56: САТ-962 №15 | CO56: САТ-962 №24
A57: ВЗРЫВ
A58: Примечание
D60: Вскрышные работы | R60: Добыча руды | AF60: Аварийно-восстановительный ремонт | AU60: Пересменка | BA60: ППР | BN60: Взрыв, перегоны | CB60: Обед | CV60: Отсутствие фронта работ
D63: Без экипажа

Sheet данные по маст. и дисп.
A1: Старший диспетчер | B1: Диспетчера | C1: Механики
A3: Фомин И.Н. | B3: Ивлев А.Н. | C3: Гриценко Н.Н.
B4: Лукоянов Д.В. | C4: Есаулков И.В.
B5: Насонов В.В. | C5: Кордо-Сысоев Э.Д.
B6: Кузнецов А.Г. | C6: Обросов А.М.
B7: Сивов И.В. | C7: Бершауэр В.Ф.
C8: Морозков С.В.
